SET,SHRINE,JAWIKI,ITEM,WIKIDATA,CLASS,SOURCE NAMED IN ARTICLE,P612 STAGED,TARGET NAME,TARGET LINK,STATUS,FIX,NOTE
Ise,屋乃波比伎神,"=ARRAYFORMULA(IF(B2:B="""","""",HYPERLINK(""https://ja.wikipedia.org/wiki/""&B2:B,B2:B)))",,"=ARRAYFORMULA(IF(D2:D="""","""",HYPERLINK(""https://www.wikidata.org/wiki/""&D2:D,D2:D)))",AUTOCHTHONOUS,正宮の神庭の守護神（社地そのものの守り神）,,,"=ARRAYFORMULA(IF(H2:H="""","""",HYPERLINK(""https://www.wikidata.org/wiki/""&H2:H,H2:H)))",NEEDS WORK - no item,,
Ise,川相神社,,,,AUTOCHTHONOUS,五十鈴川上流の水の神（明治の大水神社への同座は遷座であって系譜ではない）,,,,NEEDS WORK - no item,,
Ise,大河内神社,,,,AUTOCHTHONOUS,宮川の堤防・水の守護神として当地で祀られた地元神,,,,NEEDS WORK - no item,,
Ise,宇治乃奴鬼神社,,,,AUTOCHTHONOUS,当地の灌漑用水の神を倭姫命が定めた,,,,NEEDS WORK - no item,,
Ise,宮比神,,,,AUTOCHTHONOUS,内宮正宮御垣内の守護神（社殿を持たない）,,,,NEEDS WORK - no item,,
Ise,熊淵神社,,,,AUTOCHTHONOUS,石清水の守護神を倭姫命が当地に定めた,,,,NEEDS WORK - no item,,
Ise,打懸神社,,,,AUTOCHTHONOUS,鎮座地の名を負う在地の明神＝宮川堤防の守護神,,,,NEEDS WORK - no item,,
Ise,毛理神社,,,,AUTOCHTHONOUS,鎮座地の森の神木そのものが神,,,,NEEDS WORK - no item,,
Ise,井中神社,,,,AUTOCHTHONOUS,神田の井泉（湧水）そのものが神,,,,NEEDS WORK - no item,,
Ise,佐美長御前神社,,,,AUTOCHTHONOUS,在地の地主神／伊佐波登美神の子孫の霊,,,,NEEDS WORK - no item,,
Ise,牟弥乃神社,,,,AUTOCHTHONOUS,外城田川そのものの神,,,,NEEDS WORK - no item,,
Ise,田上大水御前神社,,,,AUTOCHTHONOUS,度会氏祖先神を自らの古墳（車塚一号墳）上に祀る,,,,NEEDS WORK - no item,,
Ise,神麻続機殿神社,,,,AUTOCHTHONOUS,機殿そのものの鎮守神／地元麻績部の祖先神,,,,NEEDS WORK - no item,,
Ise,荒前神社,,,,AUTOCHTHONOUS,在地の海岸守護神が倭姫命を出迎え、その場に祀られた,,,,NEEDS WORK - no item,,
Ise,葦立弖神社,,,,AUTOCHTHONOUS,在地の産土神,,,,NEEDS WORK - no item,,
Ise,蚊野御前神社,,,,AUTOCHTHONOUS,外城田川支流の川の神,,,,NEEDS WORK - no item,,
Ise,那自賣神社,,,,AUTOCHTHONOUS,五十鈴川の水そのものの神,,,,NEEDS WORK - no item,,
Ise,朝熊御前神社,,,,NETWORK,朝熊神社（その御前神）,,,,NEEDS WORK - no item,,
Ise,田乃家御前神社,,,,NETWORK,天照大御神（皇大神宮）／大神御滄川神,,,,NEEDS WORK - no item,,
Ise,許母利神社,,,,NETWORK,粟嶋神（＝少名毘古那神）,,,,NEEDS WORK - no item,,
Ise,瀧原竝宮,,,,TRANSFER,瀧原宮,,,,NEEDS WORK - no item,,
Beppyo,度津神社,,Q172382,,UNKNOWN,,,,,NEEDS WORK - no origin,,
Beppyo,石園座多久虫玉神社,,Q11585337,,UNKNOWN,,,,,NEEDS WORK - no origin,,
Ise,小俣神社,,Q17225978,,UNKNOWN,,,,,NEEDS WORK - no origin,,
Ise,月讀宮,,Q11516220,,UNKNOWN,,,,,NEEDS WORK - no origin,,
Ise,風宮,,Q11665463,,UNKNOWN,,,,,NEEDS WORK - no origin,,
Ise,風日祈宮,,Q11665488,,UNKNOWN,,,,,NEEDS WORK - no origin,,
Beppyo,坐摩神社,,Q11425667,,NETWORK,宮中（神祇官西院）の坐摩神,,,,NEEDS WORK - target,,
Beppyo,佐嘉神社,,Q11383096,,TRANSFER,松原神社,,,,NEEDS WORK - target,,
Beppyo,劔神社,,Q11398386,,TRANSFER,伊部郷座ヶ岳の素盞嗚尊神霊,,,,NEEDS WORK - target,,
Beppyo,忌部神社,,Q11490722,,TRANSFER,五所神社（美馬郡西端山、現・境外摂社御所神社）,,,,NEEDS WORK - target,,
Ise,瀧原宮,,Q11566292,,TRANSFER,磯宮,,,,NEEDS WORK - target,,
Beppyo,久能山東照宮,,Q712162,,AUTOCHTHONOUS,家康の墓所・埋葬地に創建,Q135508874,,,ok,,
Beppyo,二見興玉神社,,Q64969614,,AUTOCHTHONOUS,興玉神石そのものが神体・興玉神の総本宮,Q135508874,,,ok,,
Beppyo,井伊谷宮,,Q11373321,,AUTOCHTHONOUS,宗良親王の薨去地・墓所に創建,Q135508874,,,ok,,
Beppyo,京都霊山護国神社,,Q3201026,,AUTOCHTHONOUS,招魂社,Q135508874,,,ok,,
Beppyo,伊佐須美神社,,Q3155136,,AUTOCHTHONOUS,四道将軍が会津の天津嶽に国家鎮護神を奉斎,Q135508874,,,ok,,
Beppyo,佐太神社,,Q3461072,,AUTOCHTHONOUS,佐太大神の在地鎮座（加賀の潜戸で生まれた神）,Q135508874,,,ok,,
Beppyo,佐賀縣護國神社,,Q11384878,,AUTOCHTHONOUS,招魂社,Q135508874,,,ok,,
Beppyo,倭文神社 (湯梨浜町),,Q245734,,AUTOCHTHONOUS,倭文氏が祖神を当地で祀った,Q135508874,,,ok,,
Beppyo,備後護国神社,,Q11387373,,AUTOCHTHONOUS,招魂社,Q135508874,,,ok,,
Beppyo,光雲神社,,Q11388585,,AUTOCHTHONOUS,黒田長政を権現として当地で神格化,Q135508874,,,ok,,
Beppyo,八代宮,,Q11390512,,AUTOCHTHONOUS,懐良親王の墓所の地に創建,Q135508874,,,ok,,
Beppyo,八坂神社,,Q692714,,AUTOCHTHONOUS,祇園神が祇園林に降臨（広峯遷座説は否定）,Q135508874,,,ok,,
Beppyo,八槻都々古別神社,,Q112152942,,AUTOCHTHONOUS,日本武尊の矢の落下地という神意で創祀,Q135508874,,,ok,,
Beppyo,兵庫縣姫路護國神社,,Q11393652,,AUTOCHTHONOUS,招魂社,Q135508874,,,ok,,
Beppyo,大分縣護國神社,,Q11433004,,AUTOCHTHONOUS,招魂社,Q135508874,,,ok,,
Beppyo,大和神社,,Q245731,,AUTOCHTHONOUS,神託により新たに神地を定めて創建,Q135508874,,,ok,,
Beppyo,大國魂神社,,Q611678,,AUTOCHTHONOUS,大國魂大神が当地に降臨,Q135508874,,,ok,,
Beppyo,大富神社,,Q11434509,,AUTOCHTHONOUS,当地での神託降下（宗像三女神）,Q135508874,,,ok,,
Beppyo,大山祇神社,,Q703904,,AUTOCHTHONOUS,神体山・神の島、総本社（伊予国風土記の百済渡来説は異説）,Q135508874,,,ok,,
Beppyo,大山阿夫利神社,,Q11434713,,AUTOCHTHONOUS,山頂の磐座を神体とする山岳信仰,Q135508874,,,ok,,
Beppyo,大洗磯前神社,,Q11437230,,AUTOCHTHONOUS,大洗磯前に神が出現,Q135508874,,,ok,,
Beppyo,大石神社,,Q11438245,,AUTOCHTHONOUS,大石邸の祠に発する人霊祭祀,Q135508874,,,ok,,
Beppyo,大神山神社,,Q251160,,AUTOCHTHONOUS,大山（大神岳）が神体山,Q135508874,,,ok,,
Beppyo,名和神社,,Q245834,,AUTOCHTHONOUS,名和長年の邸宅跡に小祠,Q135508874,,,ok,,
Beppyo,和霊神社,,Q11418237,,AUTOCHTHONOUS,山家公頼の鎮魂、和霊信仰の総本社,Q135508874,,,ok,,
Beppyo,唐沢山神社,,Q11418605,,AUTOCHTHONOUS,藤原秀郷の居城跡・墓所に創建,Q135508874,,,ok,,
Beppyo,四柱神社,,Q11420029,,AUTOCHTHONOUS,明治の神道中教院で四柱を新たに奉斎,Q135508874,,,ok,,
Beppyo,四條畷神社,,Q10925104,,AUTOCHTHONOUS,楠木正行の自害地の墓（楠塚）に創建,Q135508874,,,ok,,
Beppyo,報徳二宮神社 (小田原市),,Q11428033,,AUTOCHTHONOUS,二宮尊徳の生地に創建,Q135508874,,,ok,,
Beppyo,多度大社,,Q116140,,AUTOCHTHONOUS,多度山を神体山とする,Q135508874,,,ok,,
Beppyo,多田神社,,Q3513683,,AUTOCHTHONOUS,源満仲の墳墓・清和源氏の祖廟,Q135508874,,,ok,,
Beppyo,多賀大社,,Q402091,,AUTOCHTHONOUS,伊邪那岐の幽宮（神自身の鎮まる地）,Q135508874,,,ok,,
Beppyo,大井神社 (島田市),,Q11432216,,AUTOCHTHONOUS,大井川そのものの神格化,Q135508874,,,ok,,
Beppyo,伊古奈比咩命神社,,Q11379183,,AUTOCHTHONOUS,白浜が三嶋神の元宮、伊古奈比咩命は土着の后神,Q135508874,,,ok,,
Beppyo,伊和神社,,Q65320,,AUTOCHTHONOUS,当地での神託＋鶴石・磐座信仰,Q135508874,,,ok,,
Beppyo,伊太祁曽神社,,Q11379271,,AUTOCHTHONOUS,五十猛神が最後に紀伊国へ降り立った地,Q135508874,,,ok,,
Beppyo,伊奈波神社,,Q701414,,AUTOCHTHONOUS,五十瓊敷入彦命が討たれた死没地に祀る,Q135508874,,,ok,,
Beppyo,伊弉諾神宮,,Q10884977,,AUTOCHTHONOUS,伊弉諾尊の幽宮（自ら鎮まった終焉の地）,Q135508874,,,ok,,
Beppyo,伊豫豆比古命神社,,Q11380620,,AUTOCHTHONOUS,伊予の土地神が舟山に着き鎮座,Q135508874,,,ok,,
Beppyo,住吉大社,,Q705949,,AUTOCHTHONOUS,住吉三神の託宣による鎮座地指定、総本社,Q135508874,,,ok,,
Beppyo,住吉神社 (下関市),,Q11381858,,AUTOCHTHONOUS,住吉大神の神託「我が荒魂を穴門に祀れ」,Q135508874,,,ok,,
Beppyo,住吉神社 (壱岐市),,Q11381863,,AUTOCHTHONOUS,神功皇后が上陸地で三神を直接奉斎,Q135508874,,,ok,,
Beppyo,住吉神社 (福岡市),,Q29682,,AUTOCHTHONOUS,鎮座地が住吉三神の誕生地・阿波岐原,Q135508874,,,ok,,
Beppyo,兵庫縣神戸護國神社,,Q11393653,,AUTOCHTHONOUS,招魂社,Q135508874,,,ok,,
Beppyo,冨士御室浅間神社,,Q11395081,,AUTOCHTHONOUS,富士山そのものを神とする山上鎮座,Q135508874,,,ok,,
Beppyo,出石神社,,Q3156511,,AUTOCHTHONOUS,天日槍を子孫が祖神として当地に祀る,Q135508874,,,ok,,
Beppyo,出羽神社,,Q11395802,,AUTOCHTHONOUS,羽黒山への山岳信仰,Q135508874,,,ok,,
Beppyo,出雲大社,,Q696362,,AUTOCHTHONOUS,大国主神自身の住処として造営,Q135508874,,,ok,,
Beppyo,北畠神社,,Q11403863,,AUTOCHTHONOUS,北畠氏館跡に子孫が祖先を祀る,Q135508874,,,ok,,
Beppyo,北舘神社,,Q11403959,,AUTOCHTHONOUS,北楯利長を住民が没後に神として祀る,Q135508874,,,ok,,
Beppyo,大神神社,,Q705542,,AUTOCHTHONOUS,大穴持命が自らの和魂を三輪山に鎮座、総本社,Q135508874,,,ok,,
Beppyo,大縣神社,,Q135732,,AUTOCHTHONOUS,本宮山山頂に発する山の神,Q135508874,,,ok,,
Beppyo,大野湊神社,,Q11439679,,AUTOCHTHONOUS,海から拾われた神体を当地で初めて奉斎,Q135508874,,,ok,,
Beppyo,大阪天満宮,,Q385793,,AUTOCHTHONOUS,当地の霊異を承けた勅命創建,Q135508874,,,ok,,
Beppyo,大阪護國神社,,Q11441628,,AUTOCHTHONOUS,招魂社,Q135508874,,,ok,,
Beppyo,大鳥大社,,Q705151,,AUTOCHTHONOUS,日本武尊の白鳥が舞い降りた地、総本社,Q135508874,,,ok,,
Beppyo,大麻比古神社,,Q723417,,AUTOCHTHONOUS,阿波忌部氏が開拓地で祖神を祀る,Q135508874,,,ok,,
Beppyo,天岩戸神社,,Q2841102,,AUTOCHTHONOUS,天岩戸の岩窟そのものが神体,Q135508874,,,ok,,
Beppyo,太平山三吉神社,,Q11443949,,AUTOCHTHONOUS,太平山そのものが神、総本宮,Q135508874,,,ok,,
Beppyo,奈良県護国神社,,Q11445249,,AUTOCHTHONOUS,招魂社,Q135508874,,,ok,,
Beppyo,北野天満宮,,Q662176,,AUTOCHTHONOUS,道真の託宣により北野に社を立てる、天神総本社,Q135508874,,,ok,,
Beppyo,十日恵比須神社,,Q11405077,,AUTOCHTHONOUS,漂着した恵比須神像を拾い上げた地に鎮座,Q135508874,,,ok,,
Beppyo,千葉縣護國神社,,Q11406714,,AUTOCHTHONOUS,招魂社,Q135508874,,,ok,,
Beppyo,南宮大社,,Q704967,,AUTOCHTHONOUS,金属神の総本宮、南宮山麓,Q135508874,,,ok,,
Beppyo,厳島神社,,Q191763,,AUTOCHTHONOUS,島そのものが神、社殿造営の神託、総本社,Q135508874,,,ok,,
Beppyo,古四王神社,,Q11410984,,AUTOCHTHONOUS,齶田浦神（土地の地主神）を当地で奉祀,Q135508874,,,ok,,
Beppyo,吉備津神社,,Q712824,,AUTOCHTHONOUS,大吉備津彦命の住居跡・墓所、吉備の中山が神体山,Q135508874,,,ok,,
Beppyo,宇倍神社,,Q246447,,AUTOCHTHONOUS,武内宿禰終焉の地・双履石の磐境,Q135508874,,,ok,,
Beppyo,宇美八幡宮,,Q924940,,AUTOCHTHONOUS,応神天皇の誕生地に祀る,Q135508874,,,ok,,
Beppyo,宇都宮二荒山神社,,Q10946254,,AUTOCHTHONOUS,奈良別王が祖神豊城入彦命を当地で祀る,Q135508874,,,ok,,
Beppyo,安仁神社,,Q11450252,,AUTOCHTHONOUS,五瀬命が滞在した地に祀る,Q135508874,,,ok,,
Beppyo,宗像大社,,Q704962,,AUTOCHTHONOUS,三女神が宗像の島々に天降る、沖ノ島が神体、総本社,Q135508874,,,ok,,
Beppyo,宮地嶽神社,,Q3317296,,AUTOCHTHONOUS,神功皇后が宮地岳山頂に祭壇、総本社,Q135508874,,,ok,,
Beppyo,宮城縣護國神社,,Q11453994,,AUTOCHTHONOUS,招魂社,Q135508874,,,ok,,
Beppyo,宮崎神宮,,Q704686,,AUTOCHTHONOUS,神武天皇が東征以前に宮を営んだ地,Q135508874,,,ok,,
Beppyo,富士山本宮浅間大社,,Q653180,,AUTOCHTHONOUS,富士山を神体山とする、浅間神社総本社,Q135508874,,,ok,,
Beppyo,富山縣護國神社,,Q11456842,,AUTOCHTHONOUS,招魂社,Q135508874,,,ok,,
Beppyo,富知六所浅間神社,,Q11457276,,AUTOCHTHONOUS,富士山山腹の地主神（富知神）,Q135508874,,,ok,,
Beppyo,三峯神社,,Q11355207,,AUTOCHTHONOUS,日本武尊が当山に登り創建,Q135508874,,,ok,,
Beppyo,三重県護国神社,,Q11357857,,AUTOCHTHONOUS,招魂社（靖国とは本社分社の関係にない）,Q135508874,,,ok,,
Beppyo,上杉神社,,Q10867478,,AUTOCHTHONOUS,米沢城内の上杉謙信の霊を祀る,Q135508874,,,ok,,
Beppyo,丹生川上神社,,Q246370,,AUTOCHTHONOUS,当地の神託による水神創祀,Q135508874,,,ok,,
Beppyo,丹生川上神社上社,,Q10877366,,AUTOCHTHONOUS,縄文以来の祭祀遺跡に発する水神,Q135508874,,,ok,,
Beppyo,丹生川上神社下社,,Q10877367,,AUTOCHTHONOUS,在地の水神信仰・漂着鳥居を神体,Q135508874,,,ok,,
Beppyo,丹生都比売神社,,Q705154,,AUTOCHTHONOUS,天降りののち天野原に鎮座、丹生社総本社,Q135508874,,,ok,,
Beppyo,乃木神社 (東京都港区),,Q3342690,,AUTOCHTHONOUS,乃木夫妻が自刃した邸宅の隣地,Q135508874,,,ok,,
Beppyo,岐阜護國神社,,Q870911,,AUTOCHTHONOUS,招魂社（戦没者英霊の招魂）,Q135508874,,,ok,,
Beppyo,岡山県護国神社,,Q11472363,,AUTOCHTHONOUS,招魂社（戦死者の招魂祭に起源）,Q135508874,,,ok,,
Beppyo,岩木山神社,,Q871375,,AUTOCHTHONOUS,山岳神（岩木山そのものが神体、山頂に創建）,Q135508874,,,ok,,
Beppyo,常磐神社,,Q3530470,,AUTOCHTHONOUS,人物神の新規奉斎（徳川光圀・斉昭を当地に祀る）,Q135508874,,,ok,,
Beppyo,平安神宮,,Q385141,,AUTOCHTHONOUS,人物神の新規奉斎（桓武天皇を祀る神社として創祀）,Q135508874,,,ok,,
Beppyo,広峯神社,,Q11484399,,AUTOCHTHONOUS,当地での神威感得・牛頭天王総本宮,Q135508874,,,ok,,
Beppyo,広島護国神社,,Q84008,,AUTOCHTHONOUS,招魂社（戊辰戦争戦死者を奉祀する水草神社として建立）,Q135508874,,,ok,,
Beppyo,寒川神社,,Q48744,,AUTOCHTHONOUS,相武国造の氏神として当地で創祀（土着の在地神）,Q135508874,,,ok,,
Beppyo,寳登山神社,,Q11452649,,AUTOCHTHONOUS,宝登山での日本武尊の神異体験に基づく山の神の鎮祭,Q135508874,,,ok,,
Beppyo,射水神社,,Q11458557,,AUTOCHTHONOUS,二上山を神奈備とする山の神（伊彌頭国造の祖神）,Q135508874,,,ok,,
Beppyo,小国神社,,Q421597,,AUTOCHTHONOUS,本宮山への神霊示現（当地での顕現）,Q135508874,,,ok,,
Beppyo,小御門神社,,Q11460773,,AUTOCHTHONOUS,藤原師賢の墓跡（死没地・墓所への創祀）,Q135508874,,,ok,,
Beppyo,尾張大国霊神社,,Q11465296,,AUTOCHTHONOUS,当地の土地の霊力そのものを神と崇めた国霊神,Q135508874,,,ok,,
Beppyo,山口県護国神社,,Q11467121,,AUTOCHTHONOUS,護国神社の招魂（県内戦没者の霊を当地で招魂）,Q135508874,,,ok,,
Beppyo,山形県護国神社,,Q11468583,,AUTOCHTHONOUS,護国神社の招魂（戊辰戦争戦死者を祀る招魂社に始まる）,Q135508874,,,ok,,
Beppyo,山梨縣護國神社,,Q11469919,,AUTOCHTHONOUS,護国神社の招魂（招魂社として創建）,Q135508874,,,ok,,
Beppyo,廣瀬大社,,Q705281,,AUTOCHTHONOUS,託宣が下りた土地での初鎮座（沼が一夜で陸地化した奇瑞の地）,Q135508874,,,ok,,
Beppyo,廣田神社,,Q1466105,,AUTOCHTHONOUS,天照大神自身の託宣が鎮座地を指定した荒魂の初鎮座,Q135508874,,,ok,,
Beppyo,建部大社,,Q403338,,AUTOCHTHONOUS,神勅による日本武尊の死後奉祀,Q135508874,,,ok,,
Beppyo,彌彦神社,,Q195684,,AUTOCHTHONOUS,祭神の墓所（神廟）・神体山,Q135508874,,,ok,,
Beppyo,御上神社,,Q11488762,,AUTOCHTHONOUS,山頂への降臨・神体山（三上山）,Q135508874,,,ok,,
Beppyo,忌宮神社,,Q11490717,,AUTOCHTHONOUS,仲哀天皇を自らの行宮（豊浦宮）跡に奉祀した死後奉斎,Q135508874,,,ok,,
Beppyo,志賀海神社,,Q11491171,,AUTOCHTHONOUS,綿津見神社・海神社の総本社／阿曇氏の氏神,Q135508874,,,ok,,
Beppyo,愛媛縣護國神社,,Q11493796,,AUTOCHTHONOUS,私祭招魂社としての創建（招魂）,Q135508874,,,ok,,
Beppyo,愛宕神社,,Q713021,,AUTOCHTHONOUS,愛宕山（朝日峰）山上の神廟／全国愛宕神社の総本社,Q135508874,,,ok,,
Beppyo,愛知縣護國神社,,Q4696584,,AUTOCHTHONOUS,招魂（旌忠社として戊辰戦争戦死者を当地に祀る）,Q135508874,,,ok,,
Beppyo,戸隠神社,,Q218828,,AUTOCHTHONOUS,地主神 九頭龍大神＋戸隠山そのものが御神体,Q135508874,,,ok,,
Beppyo,手長神社,,Q11497169,,AUTOCHTHONOUS,諏訪以前からこの地で信仰された在地神,Q135508874,,,ok,,
Beppyo,敢國神社,,Q11499487,,AUTOCHTHONOUS,南宮山を神奈備とする原始信仰（阿閇氏の祖神）,Q135508874,,,ok,,
Beppyo,新屋山神社,,Q106388142,,AUTOCHTHONOUS,富士山そのものを山の神とする信仰（奥宮は富士二合目）,Q135508874,,,ok,,
Beppyo,新潟縣護國神社,,Q11503581,,AUTOCHTHONOUS,招魂社（戦没者の墓碑の地に創建）,Q135508874,,,ok,,
Beppyo,新田神社 (薩摩川内市),,Q11503757,,AUTOCHTHONOUS,ニニギの陵墓（可愛山陵）に其の御霊を祀った創始,Q135508874,,,ok,,
Beppyo,日光二荒山神社,,Q701927,,AUTOCHTHONOUS,日光三山（男体山）を神体山とする祠,Q135508874,,,ok,,
Beppyo,日吉大社,,Q656451,,AUTOCHTHONOUS,八王子山の磐座（金大巌）に宿る大山咋神／日吉・日枝・山王社の総本社,Q135508874,,,ok,,
Beppyo,日御碕神社,,Q1619446,,AUTOCHTHONOUS,素盞嗚尊が占いで自ら鎮まる地を定め、その御魂を当地で奉斎,Q135508874,,,ok,,
Beppyo,明治神宮,,Q287165,,AUTOCHTHONOUS,崩御した明治天皇その人を新たに神として祀る創建,Q135508874,,,ok,,
Beppyo,曩祖八幡宮,,Q11515065,,AUTOCHTHONOUS,神功皇后が納祖の森に祭壇を設けた跡地への創建,Q135508874,,,ok,,
Beppyo,月山神社,,Q11516052,,AUTOCHTHONOUS,月山そのものを神体とする山岳信仰・開山,Q135508874,,,ok,,
Beppyo,来宮神社,,Q11523682,,AUTOCHTHONOUS,網にかかった木の根を神体とする漂着神・当地での神託,Q135508874,,,ok,,
Beppyo,東郷神社 (渋谷区),,Q1384780,,AUTOCHTHONOUS,死去した東郷平八郎を顕彰して新たに神として祀る創建,Q135508874,,,ok,,
Beppyo,松尾大社,,Q710302,,AUTOCHTHONOUS,神体山・松尾山山頂の磐座祭祀（山麓へ移しただけ）,Q135508874,,,ok,,
Beppyo,松江護國神社,,Q11239221,,AUTOCHTHONOUS,護国神社の招魂,Q135508874,,,ok,,
Beppyo,枚岡神社,,Q32422,,AUTOCHTHONOUS,神津嶽の山岳信仰が創祀（春日大社の元宮＝「元春日」）,Q135508874,,,ok,,
Beppyo,枚聞神社,,Q3136198,,AUTOCHTHONOUS,開聞岳を神体とする山岳信仰,Q135508874,,,ok,,
Beppyo,椿大神社,,Q3541617,,AUTOCHTHONOUS,神託により猿田彦大神の墳墓の地に創建（墓所・総本社）,Q135508874,,,ok,,
Beppyo,樽前山神社,,Q11543697,,AUTOCHTHONOUS,樽前山の山麓に祀られた山岳信仰の神祠（奥宮は山頂）,Q135508874,,,ok,,
Beppyo,橿原神宮,,Q710333,,AUTOCHTHONOUS,神武天皇の宮址の地に新規創建（親社なし）,Q135508874,,,ok,,
Beppyo,武田神社,,Q402368,,AUTOCHTHONOUS,武田信玄をその居館跡に祀る人物神社,Q135508874,,,ok,,
Beppyo,比治山神社,,Q11547466,,AUTOCHTHONOUS,比治山の黄幡谷に鎮座した在地の黄幡大明神,Q135508874,,,ok,,
Beppyo,氣比神宮,,Q11129346,,AUTOCHTHONOUS,伊奢沙別命が境内の土公に降臨した在地神,Q135508874,,,ok,,
Beppyo,水天宮 (久留米市),,Q3200625,,AUTOCHTHONOUS,筑後川の水神＋安徳天皇・平家一門の霊を祀る総本宮,Q135508874,,,ok,,
Beppyo,水無瀬神宮,,Q705121,,AUTOCHTHONOUS,後鳥羽上皇の遺勅により離宮跡に御影堂を建てて祀ったもの,Q135508874,,,ok,,
Beppyo,水若酢神社,,Q11549109,,AUTOCHTHONOUS,神が海中から当地に上がった顕現伝承（島内での遷座のみ）,Q135508874,,,ok,,
Beppyo,江島神社,,Q11259219,,AUTOCHTHONOUS,神宣（神託）に基づく島の洞窟への創建,Q135508874,,,ok,,
Beppyo,沼名前神社,,Q11554446,,AUTOCHTHONOUS,当地の霊石に神を祀った（磐座祭祀）,Q135508874,,,ok,,
Beppyo,波上宮,,Q704636,,AUTOCHTHONOUS,当地での神託（および霊石・ニライカナイ拝所）,Q135508874,,,ok,,
Beppyo,津峯神社,,Q11556056,,AUTOCHTHONOUS,神託により霊山の山頂に祀った（山＝神体）,Q135508874,,,ok,,
Beppyo,津島神社,,Q705136,,AUTOCHTHONOUS,牛頭天王が当地に垂迹した地・全国天王社の総本社,Q135508874,,,ok,,
Beppyo,海神社 (神戸市),,Q11559098,,AUTOCHTHONOUS,当地の海上での神威（暴風鎮静）を機に祀った,Q135508874,,,ok,,
Beppyo,海神神社,,Q11559099,,AUTOCHTHONOUS,神功皇后が旗を納めた在地起源／伊豆山という神体山,Q135508874,,,ok,,
Beppyo,湊川神社,,Q713188,,AUTOCHTHONOUS,楠木正成の墓所・殉節地に創建,Q135508874,,,ok,,
Beppyo,湯殿山神社,,Q11563607,,AUTOCHTHONOUS,山そのものが神体（湯殿山の山岳信仰）,Q135508874,,,ok,,
Beppyo,滋賀縣護國神社,,Q11564971,,AUTOCHTHONOUS,護国神社の招魂（戊辰戦争戦死者の招魂碑が起源）,Q135508874,,,ok,,
Beppyo,潮江天満宮,,Q11565717,,AUTOCHTHONOUS,道真自身の遺品を子・高視の居所で祀った独自創祀（北野より古い）,Q135508874,,,ok,,
Beppyo,濱田護國神社,,Q11566232,,AUTOCHTHONOUS,護国神社の招魂（濱田招魂社）,Q135508874,,,ok,,
Beppyo,焼津神社,,Q3571342,,AUTOCHTHONOUS,日本武尊の火難伝説の当地そのものを祀る,Q135508874,,,ok,,
Beppyo,照国神社,,Q704219,,AUTOCHTHONOUS,島津斉彬の神霊を勅命の神号授与により新たに祀った（親社なし）,Q135508874,,,ok,,
Beppyo,熊本県護国神社,,Q11568337,,AUTOCHTHONOUS,護国神社の招魂（花岡山招魂社）,Q135508874,,,ok,,
Beppyo,熊野大社,,Q11568887,,AUTOCHTHONOUS,出雲の熊野信仰の根源社（紀伊熊野の分霊元とされる側）,Q135508874,,,ok,,
Beppyo,熊野速玉大社,,Q335618,,AUTOCHTHONOUS,磐座（ゴトビキ岩）への神の降臨地・自社の元宮,Q135508874,,,ok,,
Beppyo,熊野那智大社,,Q710359,,AUTOCHTHONOUS,那智滝そのものを神とする原始信仰,Q135508874,,,ok,,
Beppyo,物部神社 (大田市),,Q11570699,,AUTOCHTHONOUS,祭神の死没・墳墓地（八百山）に創建,Q135508874,,,ok,,
Beppyo,狭野神社,,Q3472357,,AUTOCHTHONOUS,祭神（神武天皇）の生誕地に創建,Q135508874,,,ok,,
Beppyo,猿田彦神社,,Q11572141,,AUTOCHTHONOUS,神自身が鎮まった地・子孫の屋敷神を社としたもの,Q135508874,,,ok,,
Beppyo,猿賀神社,,Q3473746,,AUTOCHTHONOUS,祭神の埋葬地・墓所に発する,Q135508874,,,ok,,
Beppyo,玉前神社,,Q564302,,AUTOCHTHONOUS,祭神が海からこの地に上陸した来臨地,Q135508874,,,ok,,
Beppyo,玉祖神社,,Q11572731,,AUTOCHTHONOUS,祭神の死没・墳墓地に創建、当社が総本社,Q135508874,,,ok,,
Beppyo,生國魂神社,,Q11574477,,AUTOCHTHONOUS,国土そのものの神霊（地主神・国魂）を神武天皇が当地に鎮祭,Q135508874,,,ok,,
Beppyo,生島足島神社,,Q11574513,,AUTOCHTHONOUS,当地の地主神（大地そのものが神体）,Q135508874,,,ok,,
Beppyo,生田神社,,Q710086,,AUTOCHTHONOUS,当地での神託（稚日女尊が自ら鎮座地を指定）,Q135508874,,,ok,,
Beppyo,田島神社,,Q11576656,,AUTOCHTHONOUS,島（加部島）に坐す北部九州土着の姫神、宗像大社の元宮,Q135508874,,,ok,,
Beppyo,田村神社 (高松市),,Q11576978,,AUTOCHTHONOUS,湧水「定水井」の水神（龍神）,Q135508874,,,ok,,
Beppyo,白山比咩神社,,Q704702,,AUTOCHTHONOUS,白山を神体山とする総本社（親社なし）,Q135508874,,,ok,,
Beppyo,真清田神社,,Q705916,,AUTOCHTHONOUS,当地への降臨（油田＝降臨伝承地からの遷座、親社なし）,Q135508874,,,ok,,
Beppyo,知立神社,,Q11584639,,AUTOCHTHONOUS,日本武尊による当地での新規創祀（勧請元なし）,Q135508874,,,ok,,
Beppyo,石川護国神社,,Q11586369,,AUTOCHTHONOUS,招魂社（戊辰戦争戦死者の霊を祀って創建）,Q135508874,,,ok,,
Beppyo,石鎚神社,,Q11587273,,AUTOCHTHONOUS,神体山（石鎚山そのものが神、石鎚山総本宮）,Q135508874,,,ok,,
Beppyo,砥鹿神社,,Q3530344,,AUTOCHTHONOUS,神体山（本宮山そのものを御神体とする山岳信仰）,Q135508874,,,ok,,
Beppyo,福井県護国神社,,Q11591507,,AUTOCHTHONOUS,護国神社（県関係戦没者の招魂）,Q135508874,,,ok,,
Beppyo,福井神社,,Q11591715,,AUTOCHTHONOUS,人物神（藩主松平慶永の霊を祀って創建）,Q135508874,,,ok,,
Beppyo,福岡縣護國神社,,Q11592931,,AUTOCHTHONOUS,招魂社（戊辰戦争戦没藩士の招魂）,Q135508874,,,ok,,
Beppyo,福島縣護國神社,,Q11593728,,AUTOCHTHONOUS,招魂社（招魂場の英霊を合祀して創建）,Q135508874,,,ok,,
Beppyo,秋田県護国神社,,Q11595542,,AUTOCHTHONOUS,招魂社（戊辰戦争官軍戦没者を当地に祀る）,Q135508874,,,ok,,
Beppyo,秋葉山本宮秋葉神社,,Q500413,,AUTOCHTHONOUS,神体山（秋葉山そのものが神、全国秋葉神社の総本宮）,Q135508874,,,ok,,
Beppyo,秩父神社,,Q2963366,,AUTOCHTHONOUS,国造による祖神奉斎・武甲山の神奈備遥拝,Q135508874,,,ok,,
Beppyo,穂高神社,,Q11597109,,AUTOCHTHONOUS,安曇氏による祖神奉斎（奥穂高岳に穂高見神が降臨）,Q135508874,,,ok,,
Beppyo,竈山神社,,Q11597743,,AUTOCHTHONOUS,墓所・死没地（彦五瀬命の竈山墓の上に奉斎）,Q135508874,,,ok,,
Beppyo,竈門神社,,Q11597744,,AUTOCHTHONOUS,山中での神顕現（玉依姫命の示現）・宝満山の神体山信仰,Q135508874,,,ok,,
Beppyo,筑波山神社,,Q11602876,,AUTOCHTHONOUS,神体山（筑波山そのものが神）,Q135508874,,,ok,,
Beppyo,箱根神社,,Q705310,,AUTOCHTHONOUS,神体山（神山）への山岳信仰・駒ケ岳の磐境祭祀,Q135508874,,,ok,,
Beppyo,籠神社,,Q705126,,AUTOCHTHONOUS,元伊勢の元鎮座地（豊受大神の原座）,Q135508874,,,ok,,
Beppyo,結城神社,,Q11606619,,AUTOCHTHONOUS,墓所・死没地に祀られた人物神（結城宗広）,Q135508874,,,ok,,
Beppyo,美保神社,,Q3313076,,AUTOCHTHONOUS,土地神（美保郷に坐す御穂須須美命）,Q135508874,,,ok,,
Beppyo,群馬縣護國神社,,Q11609908,,AUTOCHTHONOUS,護国神社の招魂,Q135508874,,,ok,,
Beppyo,若松恵比須神社,,Q11616405,,AUTOCHTHONOUS,海中から現れた霊石をこの地に祀った,Q135508874,,,ok,,
Beppyo,若狭彦神社,,Q11616630,,AUTOCHTHONOUS,神の示現（下根来村白石の里に示現した二神）,Q135508874,,,ok,,
Beppyo,英彦山神宮,,Q11616915,,AUTOCHTHONOUS,神体山・祭神の降臨地,Q135508874,,,ok,,
Beppyo,茨城県護国神社,,Q11617516,,AUTOCHTHONOUS,護国神社の招魂（鎮霊社が起源）,Q135508874,,,ok,,
Beppyo,菊池神社 (菊池市),,Q94317,,AUTOCHTHONOUS,人物神を新たに祀る創建（菊池城址に創建）,Q135508874,,,ok,,
Beppyo,藤島神社,,Q11623940,,AUTOCHTHONOUS,戦死地（新田義貞の戦没地・新田塚）に祠を建てた創建,Q135508874,,,ok,,
Beppyo,西宮神社,,Q705297,,AUTOCHTHONOUS,漂着した神像＋神託による鎮座（えびす宮総本社）,Q135508874,,,ok,,
Beppyo,西寒多神社,,Q195714,,AUTOCHTHONOUS,神体山（本宮山）に祠を建てた創祀,Q135508874,,,ok,,
Beppyo,談山神社,,Q488618,,AUTOCHTHONOUS,藤原鎌足の墓の上に建てられた（改葬墓所）,Q135508874,,,ok,,
Beppyo,諏訪大社,,Q218813,,AUTOCHTHONOUS,建御名方神が逃れ着いた地・総本社（神体山／磐座信仰）,Q135508874,,,ok,,
Beppyo,護王神社,,Q11632526,,AUTOCHTHONOUS,人物神を新たに祀る創建（護王善神社に始まる）,Q135508874,,,ok,,
Beppyo,豊国神社 (京都市),,Q709822,,AUTOCHTHONOUS,墓所・廟所（秀吉の埋葬地に建てられた廟が起源）,Q135508874,,,ok,,
Beppyo,豊榮神社・野田神社,,Q11633774,,AUTOCHTHONOUS,藩祖の霊を新たに祀った神社（毛利元就・敬親の神格化）,Q135508874,,,ok,,
Beppyo,貴船神社,,Q276779,,AUTOCHTHONOUS,当地上陸・当地の水神を祭る／全国二千社の総本宮,Q135508874,,,ok,,
Beppyo,賀茂別雷神社,,Q700448,,AUTOCHTHONOUS,神山（神体山）への降臨,Q135508874,,,ok,,
Beppyo,賀茂御祖神社,,Q701620,,AUTOCHTHONOUS,御蔭山への降臨,Q135508874,,,ok,,
Beppyo,赤間神宮,,Q712617,,AUTOCHTHONOUS,死没地・陵墓（壇ノ浦で入水した安徳天皇の御影堂）,Q135508874,,,ok,,
Beppyo,近江神宮,,Q385407,,AUTOCHTHONOUS,天智天皇を縁の地（大津宮跡）に新たに祀った創建,Q135508874,,,ok,,
Beppyo,速谷神社,,Q11639721,,AUTOCHTHONOUS,当地（安芸国）建国の祖神・阿岐国造の祖を祀る総鎮守,Q135508874,,,ok,,
Beppyo,都農神社,,Q3541675,,AUTOCHTHONOUS,当地の土地神を神武天皇が鎮祭したのが起源,Q135508874,,,ok,,
Beppyo,酒列磯前神社,,Q11644289,,AUTOCHTHONOUS,海岸への神の出現（斉衡3年の神現）による創建,Q135508874,,,ok,,
Beppyo,金崎宮,,Q11647043,,AUTOCHTHONOUS,死没地（金ヶ崎城で敗死した両親王を城址に祀る）,Q135508874,,,ok,,
Beppyo,金鑚神社,,Q11647974,,AUTOCHTHONOUS,神体山（御室山を直接拝し本殿を設けない山岳祭祀）,Q135508874,,,ok,,
Beppyo,長崎縣護國神社,,Q11652880,,AUTOCHTHONOUS,招魂社（戦没者の霊をこの地で祀る）,Q135508874,,,ok,,
Beppyo,長田神社,,Q661395,,AUTOCHTHONOUS,神託（事代主神がこの地に祀れと託宣）,Q135508874,,,ok,,
Beppyo,長野縣護國神社,,Q11654831,,AUTOCHTHONOUS,招魂社（県内招魂社を統合した戦没者招魂）,Q135508874,,,ok,,
Beppyo,防府天満宮,,Q704898,,AUTOCHTHONOUS,道真ゆかりの地に創建された最初の天満宮（親社なし）,Q135508874,,,ok,,
Beppyo,阿蘇神社,,Q715639,,AUTOCHTHONOUS,総本社（子神・速瓶玉命が当地で両親を祀ったのが起源）,Q135508874,,,ok,,
Beppyo,阿賀神社,,Q11657692,,AUTOCHTHONOUS,磐座・神体山信仰（夫婦岩など巨岩を磐座として祭祀）,Q135508874,,,ok,,
Beppyo,阿部野神社,,Q11657965,,AUTOCHTHONOUS,祭神の戦死地に創建（北畠顕家の没伝承地）,Q135508874,,,ok,,
Beppyo,雄山神社,,Q11659204,,AUTOCHTHONOUS,立山を神体とする山岳神・当地での神勅による開山,Q135508874,,,ok,,
Beppyo,霊山神社,,Q11660718,,AUTOCHTHONOUS,祭神ゆかりの地（北畠氏の本拠地・陸奥国府跡）に創建,Q135508874,,,ok,,
Beppyo,霧島神宮,,Q704622,,AUTOCHTHONOUS,山岳信仰（高千穂峰そのものが信仰対象）,Q135508874,,,ok,,
Beppyo,青島神社,,Q2857985,,AUTOCHTHONOUS,島そのものが霊域（海洋信仰）／祭神が自ら宮を営んだ地,Q135508874,,,ok,,
Beppyo,靜岡縣護國神社,,Q11663686,,AUTOCHTHONOUS,護国神社の招魂,Q135508874,,,ok,,
Beppyo,須佐神社 (出雲市),,Q11664502,,AUTOCHTHONOUS,祭神が当地で自らの御魂を鎮めた地（須佐之男命の本宮）,Q135508874,,,ok,,
Beppyo,風浪宮,,Q11282543,,AUTOCHTHONOUS,当地での新規奉斎（阿曇氏が少童命を祀った創祀）,Q135508874,,,ok,,
Beppyo,飛騨一宮水無神社,,Q704865,,AUTOCHTHONOUS,神体山（位山そのものを祀る）,Q135508874,,,ok,,
Beppyo,香取神宮,,Q372380,,AUTOCHTHONOUS,全国香取神社の総本社（親社なし・フツヌシの本座）,Q135508874,,,ok,,
Beppyo,香椎宮,,Q631373,,AUTOCHTHONOUS,崩御地・行宮跡に営まれた霊廟（神託による創建）,Q135508874,,,ok,,
Beppyo,馬場都々古別神社,,Q114593121,,AUTOCHTHONOUS,地主神を建鉾山の磐座に祀った創祀,Q135508874,,,ok,,
Beppyo,駒形神社,,Q11668370,,AUTOCHTHONOUS,神体山（駒ヶ岳）の神霊,Q135508874,,,ok,,
Beppyo,高千穂神社,,Q3514126,,AUTOCHTHONOUS,当地に留まった三毛入野命が祖神を祀り、自身も当地に祀られた,Q135508874,,,ok,,
Beppyo,高津宮,,Q11671792,,AUTOCHTHONOUS,祭神自身の宮（難波高津宮）の遺跡上に創建,Q135508874,,,ok,,
Beppyo,高瀬神社,,Q3791906,,AUTOCHTHONOUS,神が自身の御魂を当地に鎮め置いた（国魂神）,Q135508874,,,ok,,
Beppyo,高知縣護國神社,,Q11672548,,AUTOCHTHONOUS,護国神社の招魂,Q135508874,,,ok,,
Beppyo,高良大社,,Q715647,,AUTOCHTHONOUS,高良玉垂命が高良山に自ら鎮座した（地主神から山を譲り受けた）,Q135508874,,,ok,,
Beppyo,高麗神社,,Q10855289,,AUTOCHTHONOUS,当地に移住した渡来氏族の祖（高麗若光）を祀る祖霊神,Q135508874,,,ok,,
Beppyo,鳥海山大物忌神社,,Q11173679,,AUTOCHTHONOUS,神体山（鳥海山そのものが大物忌神）,Q135508874,,,ok,,
Beppyo,鵜戸神宮,,Q704430,,AUTOCHTHONOUS,主祭神の降誕地（海食洞の産屋跡）に創祀,Q135508874,,,ok,,
Beppyo,鷲宮神社,,Q611108,,AUTOCHTHONOUS,神自身が当地に到来し鎮守として祀られた総本社,Q135508874,,,ok,,
Beppyo,鹽竈神社,,Q133753,,AUTOCHTHONOUS,塩土老翁神がこの地に留まった全国鹽竈神社の総本社,Q135508874,,,ok,,
Beppyo,鹿児島県護国神社,,Q11676849,,AUTOCHTHONOUS,護国神社・招魂社（靖献霊社に始まる）,Q135508874,,,ok,,
Beppyo,鹿児島神宮,,Q704695,,AUTOCHTHONOUS,祭神自身の宮殿（高千穂宮）跡を神社としたもの,Q135508874,,,ok,,
Beppyo,鹿島神宮,,Q706499,,AUTOCHTHONOUS,高天原からの直接降臨地、全国鹿島神社の総本社,Q135508874,,,ok,,
Beppyo,黄金山神社 (石巻市),,Q11677857,,AUTOCHTHONOUS,島（金華山）そのものを神とする自然崇拝、日本初の産金地,Q135508874,,,ok,,
Beppyo,龍田大社,,Q246455,,AUTOCHTHONOUS,天皇への神託（夢のお告げ）による龍田山への創建,Q135508874,,,ok,,
Beppyo,井草八幡宮,,Q11373756,,NETWORK,八幡神（源氏の八幡信仰）,Q261637,,,ok,,
Beppyo,住吉神社 (小樽市),,Q11381867,,NETWORK,住吉神（総本社は住吉大社、勧請元社名なし）,Q1114013,,,ok,,
Beppyo,冨士山下宮小室浅間神社,,Q11459659,,NETWORK,富士山・浅間大神（二合目からの勧請説は記事が否定）,Q653180,富士山本宮浅間大社,,ok,,
Beppyo,函館八幡宮,,Q11395952,,NETWORK,八幡神（勧請元社名なし）,Q261637,,,ok,,
Beppyo,千栗八幡宮,,Q11405620,,NETWORK,宇佐八幡宮（五所別宮の一）,Q715632,宇佐神宮,,ok,,
Beppyo,吉備津彦神社,,Q500763,,NETWORK,吉備津神社（本宮）,Q712824,吉備津神社,,ok,,
Beppyo,安房神社,,Q705547,,NETWORK,天太玉命神社（忌部氏祖神・阿波忌部の東遷）,Q11442508,,,ok,,
Beppyo,上川神社,,Q11358960,,NETWORK,天照大神（本社の由来記載なし。太宰府天満宮分霊は境内社）,Q455602,,,ok,,
Beppyo,師岡熊野神社,,Q11481110,,NETWORK,熊野大権現（熊野三山）,Q11568925,,,ok,,
Beppyo,平濱八幡宮,,Q11483250,,NETWORK,石清水八幡宮（平浜別宮）,Q710098,石清水八幡宮,,ok,,
Beppyo,射楯兵主神社,,Q11458547,,NETWORK,伊和神社（伊和大神＝兵主大神）／播磨の伊和族,Q65320,伊和神社,,ok,,
Beppyo,日枝神社 (富山市),,Q11509530,,NETWORK,日吉神社（日枝山麓）／山王権現信仰,Q11470054,,,ok,,
Beppyo,桜山八幡宮,,Q11537980,,NETWORK,八幡大神（応神天皇）,Q261637,,,ok,,
Beppyo,水戸東照宮,,Q11548625,,NETWORK,東照宮（東照大権現・徳川家康）,Q1190456,,,ok,,
Beppyo,氷川神社 (川越市),,Q11549607,,NETWORK,氷川神（大宮氷川神社・氷川信仰）,Q11549596,,,ok,,
Beppyo,湯島天満宮,,Q335606,,NETWORK,菅原道真（天神信仰／天満宮）※勧請元の社名なし,Q382005,,,ok,,
Beppyo,神田明神,,Q717682,,NETWORK,出雲系氏族の祖神・大己貴命,Q696362,出雲大社,,ok,,
Beppyo,福山八幡宮,,Q11592011,,NETWORK,八幡神,Q261637,,,ok,,
Beppyo,秋田諏訪宮,,Q17191063,,NETWORK,諏訪大社（建御名方富命・諏訪大祝家）,Q218813,諏訪大社,,ok,,
Beppyo,稲毛神社,,Q11596691,,NETWORK,武甕槌神（鹿島の神）,Q1502690,,,ok,,
Beppyo,笠間稲荷神社,,Q704876,,NETWORK,稲荷（宇迦之御魂命）― 勧請元不詳,Q3080728,,,ok,,
Beppyo,箭弓稲荷神社 (東松山市),,Q11603300,,NETWORK,稲荷（箭弓稲荷大明神・保食神）,Q719665,,,ok,,
Beppyo,若宮八幡社 (名古屋市中区),,Q11616255,,NETWORK,八幡（応神天皇・仁徳天皇）,Q317997,,,ok,,
Beppyo,飛幡八幡宮,,Q11665771,,NETWORK,八幡神（宇都宮氏の氏神、出身地の宇都宮から勧請）,Q261637,,,ok,,
Beppyo,鮎貝八幡宮,,Q11674156,,NETWORK,八幡神,Q261637,,,ok,,
Beppyo,亀山八幡宮 (下関市),,Q11370831,,TRANSFER,宇佐神宮,Q715632,宇佐神宮,,ok,,
Beppyo,亀山八幡宮 (佐世保市),,Q11370833,,TRANSFER,宇佐神宮,Q715632,宇佐神宮,,ok,,
Beppyo,亀山神社 (呉市清水),,Q11370879,,TRANSFER,宇佐神宮,Q715632,宇佐神宮,,ok,,
Beppyo,五社神社・諏訪神社,,Q11372582,,TRANSFER,春日大社,Q714559,春日大社,,ok,,
Beppyo,今宮戎神社,,Q11376859,,TRANSFER,八坂神社,Q692714,八坂神社,,ok,,
Beppyo,伊勢山皇大神宮,,Q11378990,,TRANSFER,伊勢神宮,Q687168,伊勢神宮,,ok,,
Beppyo,八幡朝見神社,,Q11391001,,TRANSFER,鶴岡八幡宮,Q701403,,,ok,,
Beppyo,八重垣神社,,Q3571285,,TRANSFER,須我神社,Q11664579,,,ok,,
Beppyo,大原野神社,,Q3594020,,TRANSFER,春日大社,Q714559,春日大社,,ok,,
Beppyo,大宮八幡宮 (杉並区),,Q10934922,,TRANSFER,石清水八幡宮,Q710098,石清水八幡宮,,ok,,
Beppyo,大杉神社,,Q11435950,,TRANSFER,大神神社,Q705542,大神神社,,ok,,
Beppyo,土佐神社,,Q704890,,TRANSFER,鳴無神社,Q11675401,,,ok,,
Beppyo,伊曽乃神社,,Q11379396,,TRANSFER,伊勢神宮,Q687168,伊勢神宮,,ok,,
Beppyo,北口本宮冨士浅間神社,,Q11401286,,TRANSFER,冨士御室浅間神社,Q11395081,冨士御室浅間神社,,ok,,
Beppyo,北海道神宮,,Q710826,,TRANSFER,神祇官（東京の北海道鎮座神祭）,Q2264720,,,ok,,
Beppyo,太皷谷稲成神社,,Q11444477,,TRANSFER,伏見稲荷大社,Q714828,,,ok,,
Beppyo,宇佐神宮,,Q715632,,TRANSFER,大分八幡宮,Q11432652,,,ok,,
Beppyo,吉備津神社 (福山市),,Q6404042,,TRANSFER,吉備津神社,Q712824,吉備津神社,,ok,,
Beppyo,吉田神社,,Q713177,,TRANSFER,春日大社,Q714559,春日大社,,ok,,
Beppyo,吉野神宮,,Q11414497,,TRANSFER,吉水神社,Q3572667,,,ok,,
Beppyo,一之宮貫前神社,,Q10863796,,TRANSFER,咲前神社,Q130456565,,,ok,,
Beppyo,三嶋大社,,Q650772,,TRANSFER,大山祇神社,Q703904,大山祇神社,,ok,,
Beppyo,中山神社,,Q11364246,,TRANSFER,吉備中山（吉備津彦神社／吉備津神社の地）,Q135646238,,,ok,,
Beppyo,帯廣神社,,Q11481193,,TRANSFER,札幌神社（現・北海道神宮）,Q710826,北海道神宮,,ok,,
Beppyo,平塚八幡宮,,Q11482330,,TRANSFER,宇佐神宮,Q715632,宇佐神宮,,ok,,
Beppyo,平野神社,,Q738971,,TRANSFER,田村後宮（平城京、今木神の旧鎮座地）,Q862509,,,ok,,
Beppyo,寒河江八幡宮,,Q11457413,,TRANSFER,石清水八幡宮（京都男山八幡宮）,Q710098,石清水八幡宮,,ok,,
Beppyo,尾山神社,,Q998709,,TRANSFER,卯辰八幡社（現・宇多須神社）,Q125927189,,,ok,,
Beppyo,志和稲荷神社,,Q11490845,,TRANSFER,伏見稲荷大社,Q714828,,,ok,,
Beppyo,日枝神社 (千代田区),,Q702042,,TRANSFER,仙波日枝神社（川越・無量寿寺鎮守）,Q11509531,,,ok,,
Beppyo,日牟禮八幡宮,,Q11509681,,TRANSFER,宇佐八幡（宇佐神宮）,Q715632,宇佐神宮,,ok,,
Beppyo,春日大社,,Q714559,,TRANSFER,鹿島神宮（あわせて香取神宮・枚岡神社）,Q706499,鹿島神宮,,ok,,
Beppyo,春日神社 (大分市),,Q11513662,,TRANSFER,春日大社,Q714559,春日大社,,ok,,
Beppyo,東京大神宮,,Q11524717,,TRANSFER,伊勢神宮（皇大神宮）,Q687168,伊勢神宮,,ok,,
Beppyo,柞原八幡宮,,Q195715,,TRANSFER,宇佐八幡宮（宇佐神宮）,Q715632,宇佐神宮,,ok,,
Beppyo,櫛田神社 (福岡市),,Q865839,,TRANSFER,櫛田神社 (松阪市),Q11544726,,,ok,,
Beppyo,武水別神社,,Q11546041,,TRANSFER,石清水八幡宮,Q710098,石清水八幡宮,,ok,,
Beppyo,氷川神社,,Q703633,,TRANSFER,杵築大社（出雲大社）,Q11528832,,,ok,,
Beppyo,浅間神社 (笛吹市),,Q11557476,,TRANSFER,山宮神社（摂社・元宮）,Q1071160,,,ok,,
Beppyo,深志神社,,Q11560040,,TRANSFER,北野天満宮,Q662176,北野天満宮,,ok,,
Beppyo,熊野神社 (南陽市),,Q288312,,TRANSFER,熊野三山（紀伊国熊野権現）,Q10403700,,,ok,,
Beppyo,熱田神宮,,Q482065,,TRANSFER,伊勢神宮（皇大神宮）,Q687168,伊勢神宮,,ok,,
Beppyo,琴崎八幡宮,,Q11573763,,TRANSFER,宇佐神宮（宇佐八幡）,Q715632,宇佐神宮,,ok,,
Beppyo,甲宗八幡神社,,Q11577728,,TRANSFER,宇佐八幡宮（男山遷座途次の分祀）,Q715632,宇佐神宮,,ok,,
Beppyo,白山神社 (新潟市中央区一番堀通町),,Q11579595,,TRANSFER,白山比咩神社,Q704702,白山比咩神社,,ok,,
Beppyo,白峯神宮,,Q705635,,TRANSFER,白峯陵・頓証寺殿（讃岐国）,Q929682,,,ok,,
Beppyo,盛岡八幡宮,,Q11581351,,TRANSFER,石清水八幡宮,Q710098,石清水八幡宮,,ok,,
Beppyo,石上神宮,,Q708859,,TRANSFER,宮中（宇摩志麻治命の斎場。一説に石上布都魂神社）,Q11453221,,,ok,,
Beppyo,石清水八幡宮,,Q710098,,TRANSFER,宇佐神宮,Q715632,宇佐神宮,,ok,,
Beppyo,祐徳稲荷神社,,Q251682,,TRANSFER,伏見稲荷大社,Q714828,,,ok,,
Beppyo,神明神社 (福井市),,Q11590317,,TRANSFER,伊勢神宮（内宮・皇大神宮）,Q687168,伊勢神宮,,ok,,
Beppyo,神柱宮,,Q3192663,,TRANSFER,伊勢神宮,Q687168,伊勢神宮,,ok,,
Beppyo,竹駒神社,,Q521319,,TRANSFER,伏見稲荷大社,Q714828,,,ok,,
Beppyo,筥崎宮,,Q714742,,TRANSFER,大分宮（筑前国穂波郡）,Q11432652,,,ok,,
Beppyo,若一王子神社,,Q11616187,,TRANSFER,熊野那智大社,Q710359,熊野那智大社,,ok,,
Beppyo,菅生石部神社,,Q11619342,,TRANSFER,宮中（宮中で祀られていた菅生石部神）,Q11453221,,,ok,,
Beppyo,藤崎八旛宮,,Q167146,,TRANSFER,石清水八幡宮,Q710098,石清水八幡宮,,ok,,
Beppyo,谷地八幡宮,,Q11632782,,TRANSFER,石清水八幡宮,Q710098,石清水八幡宮,,ok,,
Beppyo,金峯神社 (鶴岡市),,Q11647032,,TRANSFER,金峯神社（大和国吉野の金峯山）,Q11488964,,,ok,,
Beppyo,鎮西大社諏訪神社,,Q84028,,TRANSFER,京都の諏訪神社（異説：唐津の諏訪神社）,Q2370082,,,ok,,
Beppyo,長浜八幡宮,,Q11653283,,TRANSFER,石清水八幡宮,Q710098,石清水八幡宮,,ok,,
Beppyo,青井阿蘇神社,,Q2857960,,TRANSFER,阿蘇神社（熊本県阿蘇市）,Q715639,阿蘇神社,,ok,,
Beppyo,静岡浅間神社,,Q500368,,TRANSFER,富士山本宮浅間大社,Q653180,富士山本宮浅間大社,,ok,,
Beppyo,高橋稲荷神社,,Q11671498,,TRANSFER,伏見稲荷大社,Q714828,,,ok,,
Beppyo,鬪雞神社,,Q11656593,,TRANSFER,熊野三山（熊野本宮大社）,Q10403700,,,ok,,
Beppyo,鳥海月山両所宮,,Q11675030,,TRANSFER,鳥海山大物忌神社（飽海郡吹浦の鳥海山両所神社）,Q11173679,鳥海山大物忌神社,,ok,,
Beppyo,鷲尾愛宕神社,,Q11676235,,TRANSFER,愛宕神社（京都・愛宕山白雲寺）,Q713021,愛宕神社,,ok,,
Ise,四至神,,Q6543779,,AUTOCHTHONOUS,神域そのものの境界を守る地主的な神、社殿を持たない磐座祭祀,Q135508874,,,ok,,
Ise,国津御祖神社,,Q17214737,,AUTOCHTHONOUS,土地の産土神（国生の神の御子）を倭姫命がその地で定めた,Q135508874,,,ok,,
Ise,園相神社,,Q18337174,,AUTOCHTHONOUS,在地の国津神（園作神）が御園を献じた場所にそのまま祀られた,Q135508874,,,ok,,
Ise,土宮,,Q11423156,,AUTOCHTHONOUS,外宮鎮座地・山田原の地主神,Q135508874,,,ok,,
Ise,坂手国生神社,,Q17224770,,AUTOCHTHONOUS,在地の国津神（灌漑水神）が神田を献じた地に祀られた,Q135508874,,,ok,,
Ise,堅田神社,,Q17228121,,AUTOCHTHONOUS,二見の土地神が堅塩を奉った地にそのまま祀られた,Q135508874,,,ok,,
Ise,多岐原神社,,Q17229062,,AUTOCHTHONOUS,宮川の渡渉を助けた在地の土地神をその場で祀った,Q135508874,,,ok,,
Ise,大土御祖神社,,Q17222702,,AUTOCHTHONOUS,土地の守護神・水神（国生の神の御子）を倭姫命がその地で定めた,Q135508874,,,ok,,
Ise,大山祇神社 (伊勢市),,Q17223627,,AUTOCHTHONOUS,神路山の山裾に鎮まる山の神、旧「山神社」で山口祭の祭場,Q135508874,,,ok,,
Ise,大水神社,,Q17223392,,AUTOCHTHONOUS,在地の山の神を倭姫命がその地で定めた,Q135508874,,,ok,,
Ise,山末神社,,Q17223513,,AUTOCHTHONOUS,高倉山の山の神かつ外宮神田に水を満たす泉の神,Q135508874,,,ok,,
Ise,川原神社 (伊勢市),,Q17209206,,AUTOCHTHONOUS,宮川の守護神を倭姫命がその地で定めた,Q135508874,,,ok,,
Ise,度会国御神社,,Q11486118,,AUTOCHTHONOUS,鎮座地の国魂神・度会氏の祖神（外宮創建以前から在地）,Q135508874,,,ok,,
Ise,度会大国玉比賣神社,,Q11486120,,AUTOCHTHONOUS,度会地方の地主神,Q135508874,,,ok,,
Ise,御塩殿神社,,Q11488906,,AUTOCHTHONOUS,御塩殿の鎮守神（当地の製塩施設の守り神）,Q135508874,,,ok,,
Ise,御稲御倉,,Q17230412,,AUTOCHTHONOUS,御稲御倉そのものの守護神,Q135508874,,,ok,,
Ise,御船神社 (多気町),,Q17214615,,AUTOCHTHONOUS,外城田川の守護神・倭姫命が船を停めた地に定めた,Q135508874,,,ok,,
Ise,御酒殿神,,Q17211756,,AUTOCHTHONOUS,御酒殿そのものの神,Q135508874,,,ok,,
Ise,御食神社 (伊勢市),,Q17211721,,AUTOCHTHONOUS,鷲取老翁が倭姫命に清水を奉った功績を讃えて当地に創建,Q135508874,,,ok,,
Ise,大津神社 (伊勢市),,Q17222697,,AUTOCHTHONOUS,五十鈴川河口・神社港／大湊の在地守護神,Q135508874,,,ok,,
Ise,大間国生神社,,Q135098908,,AUTOCHTHONOUS,在地氏族・度会氏の祖神を倭姫命が当地に定めた,Q135508874,,,ok,,
Ise,奈良波良神社,,Q17227047,,AUTOCHTHONOUS,土地の産土神・国津神（石を神体とする）,Q135508874,,,ok,,
Ise,子安神社 (伊勢市),,Q17222830,,AUTOCHTHONOUS,宇治館町の産土神,Q135508874,,,ok,,
Ise,宇治山田神社,,Q17194122,,AUTOCHTHONOUS,興玉の森の丘の水神を倭姫命が定めた,Q135508874,,,ok,,
Ise,宇須乃野神社,,Q17194134,,AUTOCHTHONOUS,鎮座地の原野「宇須野」そのものの神,Q135508874,,,ok,,
Ise,小社神社,,Q17224784,,AUTOCHTHONOUS,石を神体とする水神、倭姫命が当地に定めた,Q135508874,,,ok,,
Ise,江神社,,Q18336610,,AUTOCHTHONOUS,地域の土地神・五穀豊穣の神を倭姫命が当地で祀った,Q135508874,,,ok,,
Ise,河原淵神社,,Q17209232,,AUTOCHTHONOUS,当地の淵の水の守護神,Q135508874,,,ok,,
Ise,河原神社 (伊勢市),,Q17228197,,AUTOCHTHONOUS,宮川下流の川そのものが神,Q135508874,,,ok,,
Ise,津布良神社,,Q17216185,,AUTOCHTHONOUS,地名を負う田野の水の神を倭姫命が当地に定めた,Q135508874,,,ok,,
Ise,津長神社,,Q17215982,,AUTOCHTHONOUS,津長原の水神を倭姫命が当地に定めた,Q135508874,,,ok,,
Ise,清野井庭神社,,Q17213398,,AUTOCHTHONOUS,鎮座地近隣の灌漑用水の神,Q135508874,,,ok,,
Ise,湯田神社,,Q17225818,,AUTOCHTHONOUS,湯田地域の農耕の神,Q135508874,,,ok,,
Ise,滝祭神,,Q17229063,,AUTOCHTHONOUS,五十鈴川の水源の神（神体は石、社殿なし）,Q135508874,,,ok,,
Ise,志等美神社,,Q17212285,,AUTOCHTHONOUS,土地の林野の神＝宮川堤防の守護神,Q135508874,,,ok,,
Ise,月夜見宮,,Q11516023,,AUTOCHTHONOUS,高河原の川の神・農耕神として当地で祀られていた社,Q135508874,,,ok,,
Ise,朝熊神社 (伊勢市),,Q17191186,,AUTOCHTHONOUS,当地で石と化していた大歳神を倭姫命が在地のまま祀った,Q135508874,,,ok,,
Ise,朽羅神社,,Q17229533,,AUTOCHTHONOUS,石を神体とする在地の田野の守護神を倭姫命が定めた,Q135508874,,,ok,,
Ise,棒原神社,,Q17218865,,AUTOCHTHONOUS,鎮座地の丘陵の守護神,Q135508874,,,ok,,
Ise,機殿神社,,Q11544511,,AUTOCHTHONOUS,倭姫命が当地に機屋を建てて社を興し、在地の織部の祖神を祀った,Q135508874,,,ok,,
Ise,下御井神社,,Q17213708,,AUTOCHTHONOUS,この地の井戸（湧水）そのものが神,Q135508874,,,ok,,
Ise,久具都比賣神社,,Q17214144,,AUTOCHTHONOUS,倭姫命巡幸以前から在地で祀られていた水神・稲作神（国津神）,Q135508874,,,ok,,
Ise,伊我理神社,,Q11379372,,AUTOCHTHONOUS,豊宮崎の神田に結びついた在地の農耕守護神,Q135508874,,,ok,,
Ise,佐美長神社,,Q17209205,,AUTOCHTHONOUS,穂落伝承の地・神体は岩石、在地の磯部氏が創祀,Q135508874,,,ok,,
Ise,倭姫宮,,Q11387081,,AUTOCHTHONOUS,倭姫命の陵墓と伝わる尾上御陵の地に創建,Q135508874,,,ok,,
Ise,加努弥神社,,Q17225472,,AUTOCHTHONOUS,社殿を持たず石そのものが神体（在地の五穀神）,Q135508874,,,ok,,
Ise,狭田国生神社,,Q17225991,,AUTOCHTHONOUS,在地の川神・国津神が神田を献じた場所にそのまま定められた,Q135508874,,,ok,,
Ise,田上大水神社,,Q17229120,,AUTOCHTHONOUS,度会氏祖先神を自らの古墳（車塚一号墳）上に祀る,Q135508874,,,ok,,
Ise,由貴御倉,,Q17211882,,AUTOCHTHONOUS,施設（倉）そのものの守護神,Q135508874,,,ok,,
Ise,神前神社 (伊勢市),,Q17228423,,AUTOCHTHONOUS,松下の海岸の鎮守神が倭姫命を出迎え、その場に定められた,Q135508874,,,ok,,
Ise,神服織機殿神社,,Q135186223,,AUTOCHTHONOUS,機殿そのものの鎮守神／地元服部の祖先神,Q135508874,,,ok,,
Ise,粟皇子神社,,Q17192448,,AUTOCHTHONOUS,池の浦で御贄を奉った在地の海神を倭姫命が名付け定めた,Q135508874,,,ok,,
Ise,興玉神,,Q17227983,,AUTOCHTHONOUS,内宮宮域そのものの地主神（猿田彦大神）,Q135508874,,,ok,,
Ise,若宮神社 (大紀町),,Q17230799,,AUTOCHTHONOUS,滝原ゆかりの在地の水神,Q135508874,,,ok,,
Ise,草奈伎神社,,Q17228323,,AUTOCHTHONOUS,度会氏の祖・大若子命の剣の霊（親社なし）,Q135508874,,,ok,,
Ise,荒祭宮,,Q2859485,,AUTOCHTHONOUS,内宮正宮と同時に同じ地に建てられた天照大神の荒魂,Q135508874,,,ok,,
Ise,葭原神社,,Q17191305,,AUTOCHTHONOUS,葭原の田の神を倭姫命が当地に定めた,Q135508874,,,ok,,
Ise,蚊野神社,,Q17225745,,AUTOCHTHONOUS,蚊野地区を流れる外城田川支流の川の神・地域の開拓神,Q135508874,,,ok,,
Ise,赤崎神社,,Q11635561,,AUTOCHTHONOUS,鳥羽湾の海辺の土地の女神（産土神）,Q135508874,,,ok,,
Ise,鏡宮神社 (伊勢市),,Q17226516,,AUTOCHTHONOUS,境内の岩（虎石）とその上に祀られた二面の鏡＝依り代,Q135508874,,,ok,,
Ise,高河原神社,,Q17225931,,AUTOCHTHONOUS,宮川の高河原という土地そのものの神,Q135508874,,,ok,,
Ise,鴨下神社,,Q17226760,,AUTOCHTHONOUS,勝田の水利灌漑を司る在地の水神,Q135508874,,,ok,,
Ise,鴨神社 (玉城町),,Q17226771,,AUTOCHTHONOUS,大日山中腹の石を神体とする在地の農耕灌漑神,Q135508874,,,ok,,
Ise,多賀宮,,Q11431075,,NETWORK,豊受大神宮（外宮）の祭神・豊受大御神の荒魂,Q11633343,豊受大神宮,,ok,,
Ise,伊雑宮,,Q10885171,,NETWORK,天照大御神（御魂）＝皇大神宮・内宮,Q9165,,,ok,,
Ise,田乃家神社,,Q17212120,,NETWORK,天照大御神（皇大神宮）,Q455602,,,ok,,
Ise,饗土橋姫神社,,Q17190840,,NETWORK,山城国宇治橋の橋姫明神（京都・橋姫神社）※倣ったもの,Q11543776,,,ok,,
Ise,志宝屋神社,,Q17211291,,TRANSFER,鹽竈神社（宮城県塩竈市）,Q133753,鹽竈神社,,ok,,
Ise,上御井神社,,Q17226402,,TRANSFER,丹波国天の真名井（豊受大神の元鎮座地の忍穂井）,Q11442122,,,ok,,
Ise,伊勢神宮,,Q687168,,TRANSFER,大和笠縫邑（元伊勢。八咫鏡を宮中から移した地。※社ではなく地）,Q11599947,,,ok,,
Ise,皇大神宮,,Q11581011,,TRANSFER,笠縫邑（宮中から遷され、元伊勢を経て倭姫命が奉遷。※社ではなく地）,Q11599947,,,ok,,
Ise,豊受大神宮,,Q11633343,,TRANSFER,丹波国の等由気大神（比沼麻奈為神社などが論社）,Q11547467,,,ok,,
Ise,長由介神社,,Q28693019,,TRANSFER,豊受大神宮（外宮）※説,Q11633343,豊受大神宮,,ok,,
