qid	title	candidate_kana	lead
Q17226402	上御井神社	かみのみいのじんじゃ	上御井神社（かみのみいのじんじゃ）は、伊勢神宮豊受大神宮（外宮）の所管社。外宮の宮域内、末社の大津神社のさらにその奥に鎮座するが、一般の参拝者が立ち入ることができない場所にあるため、付近から遥拝する。
Q17213708	下御井神社	しものみいのじんじゃ	下御井神社（しものみいのじんじゃ）は、伊勢神宮豊受大神宮（外宮）の所管社。外宮の宮域内、別宮の多賀宮に至る石段の右側、土宮に向かって左側に鎮座する。別名は少宮（わかみや）。
Q17214144	久具都比賣神社	くぐつひめじんじゃ	久具都比賣神社（くぐつひめじんじゃ）は、伊勢神宮皇大神宮（内宮）の摂社。倭姫命が定めた神社である。 宮川沿いに鎮座し、社地の一部が浸水することがある。
Q687168	伊勢神宮	いせじんぐう	伊勢神宮（いせじんぐう）は、日本の三重県伊勢市にある神社。正式名称は「神宮」（じんぐう）である。他の神宮と区別するために、「伊勢」の地名を冠し伊勢神宮と通称される。出雲国は天照大神であるが、持統天皇から天照大御神を祀り天皇は祭祀とされるようになる。 「伊勢の神宮」、または親しみを込めて「お伊勢さん」「大神宮さん」とも称される。古来、最高の特別格の宮とされ、現在は神社本庁の本宗（ほんそう。全ての神社の上に立つ神社）であり、「日本国民の総氏神」とされる。 律令国家体制における神祇体系のうちで最高位を占め、平安時代には二十二社の中のさらに上七社の1社となった。また、神階が授与されたことのない神社の一つ。明治時代から太平洋戦争前までの近代社格制度においては、全ての神社の上に位置する神社として社格の対象外とされた。
Q17209205	佐美長神社	さみながじんじゃ	佐美長神社（さみながじんじゃ）は、伊勢神宮皇大神宮（内宮）の別宮である伊雑宮の所管社である。本項目では、佐美長神社と同じ境内にある、伊雑宮所管社の佐美長御前神社（さみながみまえじんじゃ）についても記述する。
Q17225472	加努弥神社	かぬみじんじゃ	加努弥神社（かぬみじんじゃ）は、伊勢神宮皇大神宮（内宮）の末社。内宮の末社16社のうち、第9位である。
Q18337174	園相神社	そないじんじゃ	園相神社（そないじんじゃ）は、伊勢神宮皇大神宮（内宮）の摂社。内宮の摂社27社のうち第3位である。 神宮の御園を守る神を祀る。
Q17224770	坂手国生神社	さかてくなりじんじゃ	坂手国生神社（さかてくなりじんじゃ）は、伊勢神宮皇大神宮（内宮）の摂社。 社名は坂の上に鎮座することに由来し、灌漑用水の神を祀る。
Q17229062	多岐原神社	たきはらじんじゃ	多岐原神社（たきはらじんじゃ）は、伊勢神宮皇大神宮（内宮）の摂社。土地の神が倭姫命を助けたことから、倭姫命が定め祀った神社である。 宮川沿いに鎮座し、境内の木立の中に川のせせらぎが響く。
Q17222702	大土御祖神社	おおつちみおやじんじゃ	大土御祖神社（おおつちみおやじんじゃ）は、伊勢神宮皇大神宮（内宮）の摂社。本項目では、大土御祖神社と同座する、内宮末社の宇治乃奴鬼神社（うじのぬきじんじゃ）についても記述する。 2社とも倭姫命の定めた神社である。
Q17223627	大山祇神社 (伊勢市)	おおやまつみじんじゃ	大山祇神社（おおやまつみじんじゃ）は、伊勢神宮皇大神宮（内宮）の所管社。内宮の宮域内、宇治橋東詰から東に進むと衛士見張所があり、見張所付近に子安神社と並び鎮座する。
Q17223392	大水神社	おおみずじんじゃ	大水神社（おおみずじんじゃ）は、伊勢神宮皇大神宮（内宮）の摂社。本項目では、大水神社と同座する、内宮末社の川相神社（かわあいじんじゃ）および熊淵神社（くまぶちじんじゃ）についても記述する。 3社とも倭姫命が定めた神社であるといい、大水神社は山の神を、川相神社・熊淵神社は水の神を祀る。
Q17222697	大津神社 (伊勢市)	おおつじんじゃ	大津神社（おおつじんじゃ）は、伊勢神宮豊受大神宮（外宮）の末社。外宮の宮域内にあり、北御門脇の小道沿いにある度会国御神社のさらに奥へ進んだところに鎮座する。
Q17227047	奈良波良神社	ならはらじんじゃ	奈良波良神社（ならはらじんじゃ）は、伊勢神宮皇大神宮（内宮）の摂社。内宮の摂社27社のうち第22位である。 社名の奈良波良は「楢原」を意味し、周辺地域がナラの木の多い原野であったことが窺われる。
Q17222830	子安神社 (伊勢市)	こやすじんじゃ	子安神社（こやすじんじゃ）は、伊勢神宮皇大神宮（内宮）の所管社。内宮の宮域内、宇治橋東詰から東に進むと衛士見張所があり、見張所付近に大山祇神社と並び鎮座する。 社名の通り、安産祈願に訪れる人が多い。
Q17194134	宇須乃野神社	うすののじんじゃ	宇須乃野神社（うすののじんじゃ）は、伊勢神宮豊受大神宮（外宮）の摂社。外宮の摂社16社のうち第14位である。本項目では、宇須乃野神社と同座する、外宮末社の県神社（あがたじんじゃ、縣神社 とも表記）についても記述する。 2社とも、山田原を構成する原野の1つである宇須野（宇須乃野）にゆかりの深い神社である。
Q17225978	小俣神社	おばたじんじゃ	小俣神社（おばたじんじゃ）は、伊勢神宮豊受大神宮（外宮）の摂社。外宮の摂社16社のうち第16位であり、外宮摂社としては唯一宮川の外側（西岸）に鎮座する。
Q17223513	山末神社	やまずえじんじゃ	山末神社（やまずえじんじゃ）は、伊勢神宮豊受大神宮（外宮）の摂社。外宮の摂社16社のうち第13位である。
Q17209206	川原神社 (伊勢市)	かわらじんじゃ	川原神社（かわらじんじゃ）は、伊勢神宮皇大神宮（内宮）の摂社。
Q17230412	御稲御倉	みしねのみくら	御稲御倉（みしねのみくら、ごとうのみくら）は、伊勢神宮皇大神宮（内宮）の所管社。御稲御倉神（みしねのみくらのかみ）とも称する。内宮の宮域内、荒祭宮に向かう道の途中に鎮座する。 小さいながら、内宮と同じ唯一神明造の神社である。
Q17214615	御船神社 (多気町)	みふねじんじゃ	御船神社（みふねじんじゃ）は、伊勢神宮皇大神宮（内宮）の摂社。本項目では、御船神社と同座する牟弥乃神社（むみのじんじゃ）についても記述する。 どちらも川の神を祀る神社である。
Q17211721	御食神社 (伊勢市)	みけじんじゃ	御食神社（みけじんじゃ）は、伊勢神宮豊受大神宮（外宮）の摂社。外宮の摂社16社のうち第15位である。 地域住民からは産土神として信仰され、「辰神さん」と呼ばれている。
Q17211291	志宝屋神社	しおやじんじゃ	志宝屋神社（しおやじんじゃ）は、伊勢神宮豊受大神宮（外宮）の末社。外宮の末社8社のうち第8位である。 祭神は塩業の神であり、鎮座地の三重県伊勢市大湊町では、かつて製塩業が盛んに行われていた。
Q17212285	志等美神社	しとみじんじゃ	志等美神社（しとみじんじゃ）は、伊勢神宮豊受大神宮（外宮）の摂社。本記事では志等美神社と同じ社地にある外宮摂社の大河内神社（おおこうちじんじゃ）、外宮末社の打懸神社（うちかけじんじゃ）、3社を境内に包摂する旧村社の上社（かみのやしろ）についても記述する。 伊勢神宮に属する125社のうちで神階を有するのは志等美・大河内・打懸の3社のみである。
Q11516220	月讀宮	つきよみのみや	月讀宮（つきよみのみや）は、三重県伊勢市中村町にある神社。伊勢神宮皇大神宮（内宮）別宮。式内社。「月読宮」と略字表記される場合がある。 第62回神宮式年遷宮では、内宮の遷御の約1年後の2014年（平成26年）10月6日午後8時に遷御が行われた。
Q17191186	朝熊神社 (伊勢市)	あさくまじんじゃ	朝熊神社（あさくまじんじゃ）は、伊勢神宮皇大神宮（内宮）の摂社。内宮の摂社としては第1位である。本記事では朝熊神社と同じ社地にある内宮摂社の朝熊御前神社（あさくまみまえじんじゃ）についても記述する。 朝熊神社は内宮の中でも格式の高い神社であり、他の摂社以下の神社に比べ多くの祭祀が行われる。
Q17229533	朽羅神社	くちらじんじゃ	朽羅神社（くちらじんじゃ）は、伊勢神宮皇大神宮（内宮）の摂社。内宮の摂社27社のうち第12位である。 祭神は農耕神で、境内は水田の中に浮かぶ緑の小島のように見える。
Q17218865	棒原神社	すぎはらじんじゃ	棒原神社（すぎはらじんじゃ）は、伊勢神宮皇大神宮（内宮）の摂社。内宮の摂社27社のうち第23位である。 昴（すばる）に由来する神を祀り、この地域で星を利用した占いが行われていたことが窺える。
Q11544511	機殿神社		神服織機殿神社（かんはとりはたどのじんじゃ）・神麻続機殿神社（かんおみはたどのじんじゃ）はいずれも三重県松阪市にある神社。 元々は同じ場所に鎮座していたが、大垣内町の神服織機殿神社と井口中町の神麻続機殿神社の2社に分かれたと考えられている。いずれも皇大神宮（内宮）所管社で、両社を合わせて両機殿（機殿神社）と呼ぶ。両機殿の所在地は旧飯野郡機殿村で、松阪市立機殿小学校に「機殿」の地名を残している。 両機殿で行なわれる御衣奉織行事は松阪市の無形民俗文化財に指定されている。
Q18336610	江神社	えじんじゃ	江神社（えじんじゃ）は、伊勢神宮皇大神宮（内宮）の摂社。内宮の摂社27社のうち第17位である。 音無山東麓に鎮座し、五穀豊穣の守護神を祀る。
Q17209232	河原淵神社	かわらぶちじんじゃ	河原淵神社（かわらぶちじんじゃ）は、伊勢神宮豊受大神宮（外宮）の摂社。本記事では河原淵神社と同じ社地にある旧村社の船江上社（ふなえかみのやしろ）についても記述する。
Q17228197	河原神社 (伊勢市)	かわらじんじゃ	河原神社（かわらじんじゃ）は、伊勢神宮豊受大神宮（外宮）の摂社。本項目では、河原神社と同座する、毛理神社（もりじんじゃ）についても記述する。
Q17216185	津布良神社	つぶらじんじゃ	津布良神社（つぶらじんじゃ）は、伊勢神宮皇大神宮（内宮）の末社。水の神を祀る神社で、内宮の禰宜を務め鎮座地周辺を開拓した荒木田氏との関係が深い。
Q17215982	津長神社	つながじんじゃ	津長神社（つながじんじゃ）は、伊勢神宮皇大神宮（内宮）の摂社。五十鈴川西岸、宇治橋と対面する鼓ヶ岳の山麓、正前の森に鎮座する。本項目では、津長神社と同座する、内宮末社の新川神社（にいかわじんじゃ）および石井神社（いわいじんじゃ）についても記述する。 3社とも倭姫命の定めた神社であり、祭神は水神である。
Q17225818	湯田神社	ゆたじんじゃ	湯田神社（ゆたじんじゃ）は、伊勢神宮皇大神宮（内宮）の摂社。内宮の摂社27社のうち第9位である。農耕の守護神を祀る神社である。
Q17229063	滝祭神	たきまつりのかみ	滝祭神（たきまつりのかみ）は、伊勢神宮皇大神宮（内宮）の所管社。内宮の宮域内、御手洗場（みたらし）のすぐ近くに鎮座する。 社殿を持たない神社であり、所管社でありながら別宮と同等の祭祀が捧げられる特別な神社である。
Q17229120	田上大水神社	たのえおおみずじんじゃ	田上大水神社（たのえおおみずじんじゃ）は、伊勢神宮豊受大神宮（外宮）の摂社。外宮の摂社16社のうち第5位である。本記事では田上大水神社と同じ社地にあり、外宮摂社のうち第6位である田上大水御前神社（たのえおおみずみまえじんじゃ）についても記述する。 両社の祭神は、外宮神官家の祖先であり、父子であるとされる。
Q17212120	田乃家神社	たのえじんじゃ	田乃家神社（たのえじんじゃ）は、伊勢神宮皇大神宮（内宮）の摂社。本項目では、田乃家神社と同座する、内宮摂社の田乃家御前神社（たのえみまえじんじゃ）についても記述する。 両神社とも、農家の守護神を祀る。
Q17211882	由貴御倉	ゆきのみくら	由貴御倉（ゆきのみくら）は、伊勢神宮皇大神宮（内宮）の所管社。由貴御倉神（ゆきのみくらのかみ）とも称する。内宮の宮域内、五丈殿の北側に御酒殿神と並び鎮座する。
Q17228423	神前神社 (伊勢市)	こうざきじんじゃ	神前神社（こうざきじんじゃ）は、伊勢神宮皇大神宮（内宮）の摂社。内宮の摂社27社のうち第18位である。本項目では、神前神社と同座する、内宮末社の許母利神社（こもりじんじゃ）・荒前神社（あらさきじんじゃ）についても記述する。 3社とも地域の海岸の守護神であり、山頂に鎮座する。旧社地に比べて内陸寄りに鎮座しているが、境内には波の音が響いている。
Q135186223	神服織機殿神社	かんはとりはたどのじんじゃ	神服織機殿神社（かんはとりはたどのじんじゃ）・神麻続機殿神社（かんおみはたどのじんじゃ）はいずれも三重県松阪市にある神社。 元々は同じ場所に鎮座していたが、大垣内町の神服織機殿神社と井口中町の神麻続機殿神社の2社に分かれたと考えられている。いずれも皇大神宮（内宮）所管社で、両社を合わせて両機殿（機殿神社）と呼ぶ。両機殿の所在地は旧飯野郡機殿村で、松阪市立機殿小学校に「機殿」の地名を残している。 両機殿で行なわれる御衣奉織行事は松阪市の無形民俗文化財に指定されている。
Q17192448	粟皇子神社	あわみこじんじゃ	粟皇子神社（あわみこじんじゃ）は、伊勢神宮皇大神宮（内宮）の摂社。内宮の摂社27社のうち第19位である。 景勝地・池の浦に臨む岬に鎮座し、祭神は海岸の守護神とされる。
Q17227983	興玉神	おきたまのかみ	興玉神（おきたまのかみ）は、三重県伊勢市に所在する伊勢神宮皇大神宮（内宮）の所管社およびその祭神。内宮の御垣内に鎮座する。本項目では、興玉神と同じく正宮御垣内に鎮座する、内宮所管社の宮比神（みやびのかみ）および屋乃波比伎神（やのはひきのかみ）についても記述する。 3社とも社殿を持たない神社であり、祭神は内宮の守護神である。
Q17230799	若宮神社 (大紀町)	わかみやじんじゃ	若宮神社（わかみやじんじゃ）は、伊勢神宮皇大神宮（内宮）の別宮である瀧原宮の所管社である。 瀧原宮の所管社は当社と長由介神社、川島神社の3社あり、3社とも瀧原宮の境内に鎮座する。
Q17228323	草奈伎神社	くさなぎじんじゃ	草奈伎神社（くさなぎじんじゃ）は、伊勢神宮豊受大神宮（外宮）の摂社。外宮の摂社としては第1位である。本記事では草奈伎神社と同じ社地にある外宮摂社の大間国生神社（おおまくなりじんじゃ）についても記述する。 草奈伎神社・大間国生神社ともに外宮の中でも格式の高い神社であり、20年に1度の社殿の造り替えが行われてきたほか、他の摂社以下の神社に比べ多くの祭祀が行われる。
Q2859485	荒祭宮	あらまつりのみや	荒祭宮（あらまつりのみや）は、三重県伊勢市宇治館町にある内宮（皇大神宮）の境内別宮である。 祭神は天照坐皇大御神荒御魂（あまてらしますすめおおみかみのあらみたま）。 第62回神宮式年遷宮（2013年）では、他の別宮に先駆けて10月10日午後8時に遷御が行われた。
Q17191305	葭原神社	あしはらじんじゃ	葭原神社（あしはらじんじゃ）は、三重県伊勢市中村町にある神社。伊勢神宮皇大神宮（内宮）の末社。内宮の末社16社のうち、第3位である。式内社で『延喜式神名帳』記載の「荻原神社」に比定される。内宮の別宮である月讀宮の境内にある。
Q17225745	蚊野神社	かのじんじゃ	蚊野神社（かのじんじゃ）は、伊勢神宮皇大神宮（内宮）の摂社。内宮の摂社27社のうち第7位である。本項目では、蚊野神社と同座する、内宮摂社の蚊野御前神社（かのみまえじんじゃ）についても記述する。 両神社とも外城田川（ときだがわ）の支流の川の守護神を祀る。
Q11633343	豊受大神宮	とようけだいじんぐう	豊受大神宮（とようけだいじんぐう、とゆうけだいじんぐう）は、三重県伊勢市豊川町にある神社。伊勢神宮の2つの正宮のうちの1つである。一般には外宮（げくう）と呼ばれる。式内社（大社）。
Q11635561	赤崎神社	あかさきじんじゃ	赤崎神社（あかさきじんじゃ）は、伊勢神宮豊受大神宮（外宮）の末社。 伊勢神宮を構成する125社のうち三重県鳥羽市に鎮座する唯一の神社である。鳥羽市内にある伊勢神宮に関係する施設としては、赤崎神社のほかに、神宮御料鰒調製所が国崎町にある。地元では「赤崎さん」と呼ばれ、産土神として親しまれる。
Q17226516	鏡宮神社 (伊勢市)	かがみのみやじんじゃ	鏡宮神社（かがみのみやじんじゃ）は、伊勢神宮皇大神宮（内宮）の末社。内宮の末社16社のうち、第16位である。 三重県伊勢市朝熊町（あさまちょう）の五十鈴川と支流の朝熊川の合流部に位置し、朝熊川の対岸に朝熊神社・朝熊御前神社が鎮座する。
Q11665488	風日祈宮	かざひのみのみや	風日祈宮（かざひのみのみや）は三重県伊勢市宇治館町にある内宮（皇大神宮）の境内別宮である。
Q17190840	饗土橋姫神社	あえどはしひめじんじゃ	饗土橋姫神社（あえどはしひめじんじゃ）は、伊勢神宮皇大神宮（内宮）の所管社。宇治橋の守護神であり、宇治橋と対面する位置に鎮座する。 宇治橋の架け替えに先立って社殿が建て替えられるため、神宮式年遷宮において、伊勢神宮の所管する125社の中では最も早く建て替えられる神社である。
Q17226760	鴨下神社	かもしもじんじゃ	鴨下神社（かもしもじんじゃ）は、伊勢神宮皇大神宮（内宮）の末社。祭神の3柱の神は、地域の水の神である。
Q17226771	鴨神社 (玉城町)	かもじんじゃ	鴨神社（かもじんじゃ）は、伊勢神宮皇大神宮（内宮）の摂社。大日山の中腹に鎮座し、神宮125社の中では最難所と言える神社である。
