"item","itemLabel","officialWebsite","shrineDetailTemplate","templateNotes","templateConfidence"
"http://www.wikidata.org/entity/Q135249824","Aichi Prefectural Shrine Association","http://aichi-jinjacho.or.jp/","https://www.aichi-jinjacho.or.jp/search_detail.html?id={uuid}","shrine search system appears restricted (login); site shows shrine map/search entry but no per-shrine detail URL found; UUID id parameter","confirmed"
"http://www.wikidata.org/entity/Q135249386","Akita Prefectural Shrine Association","http://akita-jinjacho.sakura.ne.jp/","https://akita-jinjacho.sakura.ne.jp/shrine_search/{slug}/","name-based slug (URL-encoded)","confirmed"
"http://www.wikidata.org/entity/Q135249383","Aomori Prefectural Shrine Association","http://www.aomori-jinjacho.or.jp/","https://www.aomori-jinjacho.or.jp/jinja/{area}/sub_{code}.html","list pages like /jinja/sub_1*.html; no per-shrine detail URL found; list pages like sub_1.html; no per-shrine detail URL found; area segment (e.g., Tosei) + code like 1a_047","confirmed"
"http://www.wikidata.org/entity/Q134595030","Chiba Prefectural Shrine Association","http://www.jinjacho.or.jp/","","shrine search system appears restricted (login)","no-template-found"
"http://www.wikidata.org/entity/Q135249421","Ehime Prefectural Shrine Association","http://ehime-jinjacho.jp/","https://ehime-jinjacho.jp/jinja/?p={id}","WordPress post id; no shrine DB; only link list and general content found","confirmed"
"http://www.wikidata.org/entity/Q135249399","Fukui Prefectural Shrine Association","http://www.jinja-fukui.jp/","https://www.jinja-fukui.jp/detail/index.php?ID={id}","ID like YYYYMMDD_HHMMSS (from detail pages); ID like YYYYMMDD_HHMMSS (from detail pages)","confirmed"
"http://www.wikidata.org/entity/Q135249886","Fukuoka Prefectural Shrine Association","https://fukuoka-jinjacho.or.jp/","","site provides area lists only; no per-shrine detail URL found; area list pages only; no per-shrine detail URL found","no-template-found"
"http://www.wikidata.org/entity/Q135249388","Fukushima Prefectural Shrine Association","http://fukushima-jinjacho.or.jp/","","interactive search; per-shrine detail URL not exposed","no-template-found"
"http://www.wikidata.org/entity/Q135249403","Gifu Prefectural Shrine Association","http://www.gifu-jinjacho.jp/","https://www.gifu-jinjacho.jp/syosai.php?shrno={shrno}","numeric shrno; shrname param sometimes present; no shrine DB; only link list and general content found","confirmed"
"http://www.wikidata.org/entity/Q135249764","Gunma Prefectural Shrine Association","http://www.gunma-jinjacho.jp/","","list page at /jinja/ without per-shrine detail URLs","no-template-found"
"http://www.wikidata.org/entity/Q135249866","Hiroshima Prefectural Shrine Association","http://www.hiroshima-jinjacho.jp/","https://www.hiroshima-jinjacho.jp/branch/{branch}/{slug}.html","branch slug + shrine slug (confirmed on official site); no shrine DB; only link list and general content found","confirmed"
"http://www.wikidata.org/entity/Q135249444","Hokkaido Prefectural Shrine Association","http://www.hokkaidojinjacho.jp/top.html","https://hokkaidojinjacho.jp/{slug}/","slug is shrine name, URL-encoded (name-based); no shrine DB; only link list and general content found","confirmed"
"http://www.wikidata.org/entity/Q135249839","Hyogo Prefectural Shrine Association","http://www.hyogo-jinjacho.com/","https://www.hyogo-jinjacho.com/data/{code}.html","numeric shrine code","confirmed"
"http://www.wikidata.org/entity/Q135155035","Ibaraki Prefectural Shrine Association","http://www.ibaraki-jinjacho.jp","https://www.ibarakiken-jinjacho.or.jp/ibaraki/{region}/jinja/{id}.html","template observed on ibarakiken-jinjacho.or.jp (current site); region segment varies; no shrine DB; only link list and general content found","confirmed"
"http://www.wikidata.org/entity/Q135249398","Ishikawa Prefectural Shrine Association","http://www.ishikawa-jinjacho.or.jp/","https://www.ishikawa-jinjacho.or.jp/shrine/{id}/","shrine search system appears restricted (login); id format like j0001 (fixed prefix + 4 digits)","confirmed"
"http://www.wikidata.org/entity/Q135249735","Iwate Prefectural Shrine Association","http://www.jinjacho.jp/","","no shrine DB; only link list and general content found","no-template-found"
"http://www.wikidata.org/entity/Q134988735","Kagawa Prefectural Shrine Association","http://www.kagawakenjinjacho.or.jp/","https://kagawakenjinjacho.or.jp/shrine/{slug}/","name-based slug; disambiguation suffix like -4 possible","confirmed"
"http://www.wikidata.org/entity/Q135250101","Kagoshima Prefectural Shrine Association","http://www.kagojinjacho.or.jp/","https://www.kagojinjacho.or.jp/shrine-search/area-{area}/{city}/{id}/","area slug + city slug + numeric id","confirmed"
"http://www.wikidata.org/entity/Q135249395","Kanagawa Prefectural Shrine Association","http://www.kanagawa-jinja.or.jp/","https://www.kanagawa-jinja.or.jp/shrine/{id}/","numeric id; hyphenated suffix observed","confirmed"
"http://www.wikidata.org/entity/Q135249422","Kochi Prefectural Shrine Association","https://www.kochi-jinjyacho.com/","","list pages only; no per-shrine detail URL found; single list page (no per-shrine detail pages found)","no-template-found"
"http://www.wikidata.org/entity/Q135249902","Kumamoto Prefectural Shrine Association","","","","unknown"
"http://www.wikidata.org/entity/Q135249828","Kyoto Prefectural Shrine Association","http://www.kyoto-jinjacho.or.jp/","https://www.kyoto-jinjacho.or.jp/shrine/{id}.html","shrine search system appears restricted (login)","confirmed"
"http://www.wikidata.org/entity/Q135249407","Mie Prefectural Shrine Association","http://www.amigo.ne.jp/~chitonr2/","http://kyoka.mie-jinjacho.or.jp/shrine/{slug}/","detail pages on kyoka.mie-jinjacho.or.jp (external domain); name-based slug","inferred"
"http://www.wikidata.org/entity/Q135249385","Miyagi Prefectural Shrine Association","http://www.miyagi-jinjacho.or.jp/","https://www.miyagi-jinjacho.or.jp/jinja-search/detail.php?code={code}","shrine search system appears restricted (login); numeric code parameter","confirmed"
"http://www.wikidata.org/entity/Q135250079","Miyazaki Prefectural Shrine Association","","","","unknown"
"http://www.wikidata.org/entity/Q135249402","Nagano Prefectural Shrine Association","http://www.nagano-jinjacho.jp/","","lists by branch (shibu/*.htm); no per-shrine detail URL found","no-template-found"
"http://www.wikidata.org/entity/Q135249897","Nagasaki Prefectural Shrine Association","http://nagasaki-jinjacho.or.jp/","","shrine search system appears restricted (login); city list pages only; no per-shrine detail URL found; list pages by region (e.g., /shimogotou.html), no per-shrine detail pages found","no-template-found"
"http://www.wikidata.org/entity/Q135249844","Nara Prefectural Shrine Association","http://www.naraken-jinjacho.jp/","https://jinja-net.jp/jinjacho-nara/jsearch3nara.php?jinjya={id}","list page jinja.html; no per-shrine detail URL found; detail pages hosted on jinja-net.jp (external domain); no shrine DB; only link list and general content found","inferred"
"http://www.wikidata.org/entity/Q135249396","Niigata Prefectural Shrine Association","http://niigata-jinjacho.jp/","","lists only (shrine_niigata); no per-shrine detail URL found; no shrine DB; only link list and general content found","no-template-found"
"http://www.wikidata.org/entity/Q135249909","Oita Prefectural Shrine Association","","","","unknown"
"http://www.wikidata.org/entity/Q135249861","Okayama Prefectural Shrine Association","http://www.okayama-jinjacho.or.jp/","https://www.okayama-jinjacho.or.jp/search/{id}/","numeric id in search detail URL","confirmed"
"http://www.wikidata.org/entity/Q135250116","Okinawa Prefectural Shrine Association","http://jinjacho.naminouegu.jp","https://www.jinjacho.naminouegu.jp/{slug}.html","site lists shrines with external URLs; no per-shrine detail URL found; per-shrine pages by slug (e.g., ukishima.html)","inferred"
"http://www.wikidata.org/entity/Q135249833","Osaka Prefectural Shrine Association","http://www.jinjacho-osaka.net/","https://www.osaka-jinjacho.jp/funai_jinja/{branch}/{city}/{code}{slug}.html","redirects to osaka-jinjacho.jp; filename begins with numeric code","confirmed"
"http://www.wikidata.org/entity/Q135249891","Saga Prefectural Shrine Association","https://saga-jinjacho.jp/","https://saga-jinjacho.jp/{slug}/","name-based slug (WordPress); no shrine DB; only link list and general content found","confirmed"
"http://www.wikidata.org/entity/Q134886272","Saitama Prefectural Shrine Association","http://www.saitama-jinjacho.or.jp/","https://www.saitama-jinjacho.or.jp/shrine/{id}/","numeric id; shrine search system appears restricted (login)","confirmed"
"http://www.wikidata.org/entity/Q135249408","Shiga Prefectural Shrine Association","http://www.shiga-jinjacho.jp/","https://www.shiga-jinjacho.jp/ycBBS/Board.cgi/02_jinja_db/db/ycDB_02jinja-pc-detail.html?mode:view=1&view:oid={oid}","site could not be decoded (encoding/response issue); oid parameter; legacy CGI path; no shrine DB; only link list and general content found","confirmed"
"http://www.wikidata.org/entity/Q135249855","Shimane Prefectural Shrine Association","http://www.shimane-jinjacho.or.jp/","https://www.shimane-jinjacho.or.jp/{area}/{hash}.html","area segment + hash-like id in filename","confirmed"
"http://www.wikidata.org/entity/Q134956727","Shizuoka Prefectural Shrine Association","http://www.shizuoka-jinjacho.or.jp/","http://www.shizuoka-jinjacho.or.jp/shokai/jinja.php?id={id}","user-provided example; site returned 502 during verification; shrine search system appears restricted (login)","inferred"
"http://www.wikidata.org/entity/Q135249390","Tochigi Prefectural Shrine Association","http://www.tochigi-jinjacho.or.jp/","https://www.tochigi-jinjacho.or.jp/?p={id}","WordPress post id","confirmed"
"http://www.wikidata.org/entity/Q135249419","Tokushima Prefectural Shrine Association","http://awa-jinjacho.jp/","","site returned 502 during verification; no shrine DB; only link list and general content found","no-template-found"
"http://www.wikidata.org/entity/Q135249781","Tokyo Prefectural Shrine Association","http://www.tokyo-jinjacho.or.jp/","https://www.tokyo-jinjacho.or.jp/{ward}/{id}/","shrine search system appears restricted (login); ward/area segment + numeric id","confirmed"
"http://www.wikidata.org/entity/Q135249850","Tottori Prefectural Shrine Association","https://tottori-jinjacho.jp/","https://tottori-jinjacho.jp/pages/{id}/","numeric id in /pages/{id}/; no shrine DB; only link list and general content found","confirmed"
"http://www.wikidata.org/entity/Q135249397","Toyama Prefectural Shrine Association","http://toyama-jinjacho.sakura.ne.jp/","","site is news/blog; no per-shrine detail URL found","no-template-found"
"http://www.wikidata.org/entity/Q135249413","Wakayama Prefectural Shrine Association","http://www.wakayama-jinjacho.or.jp/","https://wakayama-jinjacho.or.jp/jdb/sys/user/GetWjtTbl.php?JinjyaNo={id}","shrine search system appears restricted (login); numeric id (JinjyaNo)","confirmed"
"http://www.wikidata.org/entity/Q135249748","Yamagata Prefectural Shrine Association","http://yamagata-jinjyacho.or.jp/","https://yamagata-jinjyacho.or.jp/shrine_detail/{id}","numeric id","confirmed"
"http://www.wikidata.org/entity/Q135249871","Yamaguchi Prefectural Shrine Association","http://www.yamaguchi-jinjacho.or.jp/","https://www.jinja-net.jp/jinjacho-yamaguti/jsearch3yamaguti.php?jinjya={id}","shrine search system appears restricted (login); site blocked (403) during verification; detail pages hosted on jinja-net.jp (external domain; inferred from third-party listings)","inferred"
"http://www.wikidata.org/entity/Q135249400","Yamanashi Prefectural Shrine Association","http://www.yamanashi-jinjacho.or.jp/","https://www.yamanashi-jinjacho.or.jp/intro/search/detail/{id}","shrine search system appears restricted (login); numeric id","confirmed"
