source,destination
Category:1052年の日本,Category:Japan in 1052
Category:13世紀生,Category:13th-century births
Category:14世紀没,Category:14th-century deaths
Category:1650年の日本,Category:Japan in 1650
Category:17世紀日本の儒学者,Category:17th-century Japanese Confucian scholars
Category:17世紀日本の政治家,Category:17th-century Japanese politicians
Category:17世紀没,Category:17th-century deaths
Category:1815年の日本,Category:Japan in 1815
Category:1873年竣工の建築物,Category:Buildings completed in 1873
Category:1874年開業の施設,Category:Facilities opened in 1874
Category:18世紀日本の儒学者,Category:18th-century Japanese Confucian scholars
Category:18世紀日本の政治家,Category:18th-century Japanese politicians
Category:1900年廃止の政府機関,Category:Government agencies abolished in 1900
Category:1908年竣工の日本の建築物,Category:Japanese buildings completed in 1908
Category:1921年,Category:1921
Category:1950年代廃止の施設,Category:Facilities abolished in the 1950s
Category:1956年廃止の日本の市町村,Category:Japanese municipalities abolished in 1956
Category:1958年廃止の施設,Category:Facilities abolished in 1958
Category:1958年竣工の日本の建築物,Category:Japanese buildings completed in 1958
Category:1969年の舞台作品,Category:1969 stage works
Category:1993年登録の世界遺産,Category:World Heritage Sites inscribed in 1993
Category:1994年竣工の日本の建築物,Category:Japanese buildings completed in 1994
Category:2010年竣工の日本の建築物,Category:Japanese buildings completed in 2010
Category:2019年登録の世界遺産,Category:World Heritage Sites inscribed in 2019
Category:2020年の日本の事件,Category:2020 incidents in Japan
Category:2021年の日本の事件,Category:2021 incidents in Japan
Category:20世紀アジアの女性王族,Category:20th-century Asian female royalty
Category:20世紀アジアの王族,Category:20th-century Asian royalty
Category:20世紀日本の女性 (職業別),Category:20th-century Japanese women (by occupation)
Category:21世紀アジアの女性王族,Category:21st-century Asian female royalty
Category:21世紀アジアの王族,Category:21st-century Asian royalty
Category:21世紀日本の女性 (職業別),Category:21st-century Japanese women (by occupation)
Category:604年の各国,Category:Countries in 604
Category:6世紀アジアの女性王族,Category:6th-century Asian female royalty
Category:6世紀アジアの王族,Category:6th-century Asian royalty
Category:6世紀日本の女性 (職業別),Category:6th-century Japanese women (by occupation)
Category:708年の日本,Category:Japan in 708
Category:733年の日本,Category:Japan in 733
Category:7世紀アジアの女性王族,Category:7th-century Asian female royalty
Category:7世紀アジアの王族,Category:7th-century Asian royalty
Category:7世紀日本の女性 (職業別),Category:7th-century Japanese women (by occupation)
Category:859年創建,Category:Founded in 859
Category:8世紀アジアの女性王族,Category:8th-century Asian female royalty
Category:8世紀アジアの王族,Category:8th-century Asian royalty
Category:8世紀日本の女性 (職業別),Category:8th-century Japanese women (by occupation)
Category:927年の各国,Category:Countries in 927
Category:967年の各国,Category:Countries in 967
Category:9世紀アジアの王族,Category:9th-century Asian royalty
Category:9世紀日本の医師,Category:9th-century Japanese physicians
Category:NHKのアナウンサーのテンプレート,Category:NHK announcer template
Category:あきる野市の歴史,Category:History of Akiruno
Category:あま市の建築物,Category:Buildings in Ama
Category:あま市の歴史,Category:History of Ama
Category:いなべ市の建築物,Category:Buildings in Inabe
Category:おいらせ町の歴史,Category:History of Oirase
Category:お知らせテンプレート,Category:Notice templates
Category:さいたま市の神社,Category:Shinto shrines in Saitama
Category:さいたま市西区の建築物,Category:Buildings in Saitama Nishi ward
Category:さいたま市西区の歴史,Category:History of Saitama Nishi ward
Category:たつの市の画像提供依頼,Category:Image requests for Tatsuno
Category:つくば科学万博,Category:Tsukuba Expo 85
Category:つるぎ町の建築物,Category:Buildings in Tsurugi
Category:つるぎ町の歴史,Category:History of Tsurugi
Category:ひたちなか市の建築物,Category:Buildings in Hitachinaka
Category:まんのう町の建築物,Category:Buildings in Mannō
Category:まんのう町の歴史,Category:History of Mannō
Category:みやき町の建築物,Category:Buildings in Miyaki
Category:みやき町の歴史,Category:History of Miyaki
Category:めざましテレビのリポーターのテンプレート,Category:Mezamashi TV reporter template
Category:アクセシビリティ・テンプレート,Category:Accessibility templates
Category:アジアの女性 (世紀別),Category:Asian women (by century)
Category:アジアの通信,Category:Asian communications
Category:アジア関連のテンプレート,Category:Asia-related templates
Category:ウィキプロジェクト 文化遺産保護制度,Category:WikiProject Cultural heritage protection systems
Category:ウィキプロジェクト 紀年法,Category:WikiProject Chronology
Category:ウィキプロジェクト用テンプレート,Category:WikiProject templates
Category:ウィキプロジェクト用バナー,Category:WikiProject banners
Category:ウィキプロジェクト軍事史テンプレート,Category:WikiProject military history templates
Category:ウィキペディアのModule,Category:Wikipedia modules
Category:オホーツク文化,Category:Okhotsk culture
Category:オートバイ,Category:Motorcycles
Category:コモンズと重複しているメディア,Category:Media duplicated on Wikimedia Commons
Category:サービス業,Category:Service industry
Category:スポーツのナビゲーションテンプレート,Category:Sports navigation templates
Category:テンプレートによって追加されるカテゴリ,Category:Categories added by templates
Category:テンプレートスタイル,Category:Template styles
Category:テンプレート用テンプレート,Category:Meta templates
Category:ニューレフトの思想・文化,Category:New Left thought and culture
Category:プロテスタントの信者 (世紀別),Category:Protestant believers (by century)
Category:ホスピタリティ産業,Category:Hospitality industry
Category:ユーザーへの警告テンプレート,Category:User warning templates
Category:ユーモア,Category:Humor
Category:レイアウト用テンプレート,Category:Layout templates
Category:中之条町の建築物,Category:Buildings in Nakanojo
Category:中之条町の歴史,Category:History of Nakanojo
Category:中国の思想史,Category:History of Chinese thought
Category:中国史関連のテンプレート,Category:China history-related templates
Category:中国四十九薬師霊場,Category:Forty-nine Yakushi temple pilgrimage in Chūgoku
Category:中国地方にある日本庭園,Category:Japanese gardens in Chūgoku region
Category:中国百名山,Category:100 Famous Mountains of Chūgoku
Category:中央地区 (尼崎市),Category:Central district (Amagasaki)
Category:中河内郡,Category:Nakakawachi District
Category:中津川市の神社,Category:Shinto shrines in Nakatsugawa
Category:伊香保温泉郷,Category:Ikaho hot spring area
Category:会津美里町の建築物,Category:Buildings in Aizumisato
Category:会津美里町の歴史,Category:History of Aizumisato
Category:会津若松市の建築物,Category:Buildings in Aizuwakamatsu
Category:但馬国の人物,Category:People of Tajima Province
Category:但馬国の城,Category:Castles of Tajima Province
Category:位階制度,Category:Rank and honour system
Category:佐久市の歴史,Category:History of Saku
Category:佐賀市の歴史,Category:History of Saga
Category:佐賀県にある国指定の史跡,Category:National historic sites in Saga Prefecture
Category:佐賀県の古墳,Category:Kofun in Saga Prefecture
Category:佐賀県内の市町村指定有形文化財,Category:Municipal designated tangible cultural properties in Saga Prefecture
Category:佐那河内村の建築物,Category:Buildings in Sanagochi
Category:佐那河内村の歴史,Category:History of Sanagochi
Category:信太郡,Category:Shiota District
Category:倉吉市の建築物,Category:Buildings in Kurayoshi
Category:倉敷市の神社,Category:Shinto shrines in Kurashiki
Category:備前四十八ヶ寺,Category:Forty-eight temples of Bizen
Category:備後福山藩,Category:Fukuyama Domain
Category:元号テンプレート,Category:Era name templates
Category:元寇,Category:Mongol invasions of Japan
Category:先代次代系テンプレート,Category:Successive dynasty templates
Category:光市の歴史,Category:History of Hikari
Category:児玉郡の画像提供依頼,Category:Image requests for Kodama District
Category:入浴剤,Category:Bath additives
Category:八丈町の建築物,Category:Buildings in Hachijo
Category:八丈町の歴史,Category:History of Hachijo
Category:八坂神社,Category:Yasaka Shrine
Category:八坂神社 (北九州市),Category:Yasaka Shrine (Kitakyushu)
Category:八女古墳群,Category:Yame kofun group
Category:八女市の画像提供依頼,Category:Image requests for Yame
Category:八尾 (八尾市),Category:Yao (Yao City)
Category:八幡信仰,Category:Hachiman faith
Category:八戸藩,Category:Hachinohe Domain
Category:八郎潟町の建築物,Category:Buildings in Hachirogata
Category:八郎潟町の歴史,Category:History of Hachirogata
Category:八部衆,Category:Eight heavenly kings
Category:六道,Category:Six realms
Category:共同浴場,Category:Public bathhouses
Category:兵庫県にある国指定の史跡,Category:National historic sites in Hyogo Prefecture
Category:兵庫県のテンプレート,Category:Hyogo Prefecture templates
Category:兵庫県の古墳,Category:Kofun in Hyogo Prefecture
Category:兵庫県の祭り,Category:Festivals in Hyogo Prefecture
Category:兵庫県の花火大会,Category:Fireworks festivals in Hyogo Prefecture
Category:兵庫県内の市町村指定史跡,Category:Municipal designated historic sites in Hyogo Prefecture
Category:内部テンプレート,Category:Internal templates
Category:出来事別の人物,Category:People by type of event
Category:出水市の建築物,Category:Buildings in Izumi
Category:出水市の歴史,Category:History of Izumi
Category:出石小出家,Category:Izushi Koide family
Category:出雲崎町の建築物,Category:Buildings in Izumozaki
Category:出雲崎町の歴史,Category:History of Izumozaki
Category:出雲市の建築物,Category:Buildings in Izumo
Category:函南町の建築物,Category:Buildings in Kannanmachi
Category:函南町の歴史,Category:History of Kannanmachi
Category:別府八湯,Category:Eight hot springs of Beppu
Category:別府市の歴史,Category:History of Beppu
Category:利島村の歴史,Category:History of Toshima
Category:利府町の建築物,Category:Buildings in Torio
Category:利府町の歴史,Category:History of Torio
Category:利根町の建築物,Category:Buildings in Tone
Category:利根町の歴史,Category:History of Tone
Category:前橋市の歴史,Category:History of Maebashi
Category:前近代の日本の中国系文化,Category:Pre-modern Sino-Japanese culture
Category:前近代の日本の朝鮮人,Category:Pre-modern Koreans in Japan
Category:前近代の朝鮮系日本人,Category:Pre-modern Korean-Japanese people
Category:前野氏,Category:Maeno clan
Category:加古川市の建築物,Category:Buildings in Kakogawa
Category:加古川市の歴史,Category:History of Kakogawa
Category:加茂市の建築物,Category:Buildings in Kamo
Category:加茂市の歴史,Category:History of Kamo
Category:加賀市の歴史,Category:History of Kaga
Category:勅願寺,Category:Imperial Buddhist temples
Category:北仙台,Category:Kita-Sendai
Category:北信越地方開催の冬季イベント,Category:Winter events in Hokushinetsu region
Category:北杜市の歴史,Category:History of Hokuto
Category:北海道 (令制),Category:Hokkaido (as a provincial designation)
Category:北海道の無人島,Category:Uninhabited islands of Hokkaido
Category:医薬部外品,Category:Quasi-drugs
Category:千種区の建築物,Category:Buildings in Chikusaku
Category:千種区の歴史,Category:History of Chikusaku
Category:千葉市の神社,Category:Shinto shrines in Chiba
Category:千葉市中央区の建築物,Category:Buildings in Chuo ward, Chiba
Category:千葉市中央区の歴史,Category:History of Chuo ward, Chiba
Category:千葉氏,Category:Chiba clan
Category:千葉県にある国指定の史跡,Category:National historic sites in Chiba Prefecture
Category:千葉県のテンプレート,Category:Chiba Prefecture templates
Category:千葉県の古墳,Category:Kofun in Chiba Prefecture
Category:千葉県の国宝,Category:National treasures in Chiba Prefecture
Category:千葉県の旧無格社,Category:Former unranked shrines in Chiba Prefecture
Category:南アルプス市の建築物,Category:Buildings in Minami-Alps
Category:南アルプス市の歴史,Category:History of Minami-Alps
Category:南伊豆町の建築物,Category:Buildings in Minamiizu
Category:南伊豆町の歴史,Category:History of Minamiizu
Category:南国市の建築物,Category:Buildings in Nankoku
Category:南山名,Category:Minaminayama
Category:南房総市の建築物,Category:Buildings in Minamiboso
Category:南房総市の歴史,Category:History of Minamiboso
Category:南砺市の建築物,Category:Buildings in Nanto
Category:南砺市の歴史,Category:History of Nanto
Category:即位式,Category:Enthronement ceremony
Category:厚木市の建築物,Category:Buildings in Atsugi
Category:厚木市の歴史,Category:History of Atsugi
Category:収集展示施設のテンプレート,Category:Collection and display facility templates
Category:古代日朝関係,Category:Ancient Japan-Korea relations
Category:古代日本の教育機関,Category:Educational institutions in ancient Japan
Category:古代日本の称号,Category:Titles in ancient Japan
Category:古墳時代以前の女性皇族,Category:Female imperial family members before the Kofun period
Category:古殿町の建築物,Category:Buildings in Furutone
Category:古殿町の歴史,Category:History of Furutone
Category:古河藩の人物,Category:People of Koga Domain
Category:古都京都の文化財,Category:Cultural properties of Kyoto
Category:台東区の寺,Category:Temples in Taito ward
Category:台東区の神社,Category:Shinto shrines in Taito ward
Category:台湾の土木史,Category:Civil engineering history of Taiwan
Category:台湾の文化史,Category:Cultural history of Taiwan
Category:台湾の科学技術史,Category:Science and technology history of Taiwan
Category:台湾美術史,Category:Art history of Taiwan
Category:各世紀のキリスト教徒,Category:Christians by century
Category:各世紀の人物 (国と職業別),Category:People by century (by country and occupation)
Category:各世紀の人物 (国別),Category:People by century (by country)
Category:各世紀の人物 (職業別),Category:People by century (by occupation)
Category:各世紀の医師,Category:Physicians by century
Category:各世紀の后妃,Category:Consorts and concubines by century
Category:各世紀の君主,Category:Monarchs by century
Category:各世紀の学者,Category:Scholars by century
Category:各世紀の教育者,Category:Educators by century
Category:各世紀の科学者,Category:Scientists by century
Category:各世紀の詩人,Category:Poets by century
Category:各世紀アジアの君主,Category:Asian monarchs by century
Category:各国の企業,Category:Companies by country
Category:各国の通信,Category:Communications by country
Category:吉田町の建築物,Category:Buildings in Yoshida
Category:吉田町の歴史,Category:History of Yoshida
Category:吉野・大峯,Category:Yoshino and Ōmine
Category:吉野川市の建築物,Category:Buildings in Yoshinogawa
Category:吉野川市の歴史,Category:History of Yoshinogawa
Category:吉野町の建築物,Category:Buildings in Yoshino
Category:吉野町の歴史,Category:History of Yoshino
Category:同名の神社,Category:Shinto shrines with the same name
Category:名取市の建築物,Category:Buildings in Natori
Category:名取市の歴史,Category:History of Natori
Category:名古屋市の重要文化財,Category:Important cultural properties in Nagoya
Category:名古屋市中区の歴史,Category:History of Naka ward, Nagoya
Category:名古屋市北区の建築物,Category:Buildings in Kita ward, Nagoya
Category:名古屋市北区の歴史,Category:History of Kita ward, Nagoya
Category:名古屋市南区の建築物,Category:Buildings in Minami ward, Nagoya
Category:名古屋市南区の歴史,Category:History of Minami ward, Nagoya
Category:名古屋市東区の建築物,Category:Buildings in Higashi ward, Nagoya
Category:名古屋市東区の歴史,Category:History of Higashi ward, Nagoya
Category:名古屋市緑区の歴史,Category:History of Midori ward, Nagoya
Category:名古屋市西区の建築物,Category:Buildings in Nishi ward, Nagoya
Category:名古屋市西区の歴史,Category:History of Nishi ward, Nagoya
Category:名古屋市都市景観重要建築物等,Category:Important buildings and areas in Nagoya's urban landscape
Category:名張市の建築物,Category:Buildings in Nabari
Category:名張市の歴史,Category:History of Nabari
Category:名数26,Category:26-fold associations
Category:名数3,Category:3-fold associations
Category:名数72,Category:72-fold associations
Category:名水百選,Category:100 Selected waters of Japan
Category:名草郡,Category:Nagu District
Category:味美古墳群,Category:Ajimi kofun group
Category:味鋺,Category:Ajihara
Category:和歌山県のテンプレート,Category:Wakayama Prefecture templates
Category:和歌山県の二級河川,Category:Class 2 rivers in Wakayama Prefecture
Category:和歌山県の祭り,Category:Festivals in Wakayama Prefecture
Category:和歌山県を舞台とした小説,Category:Novels set in Wakayama Prefecture
Category:和歌山県内の市町村指定史跡,Category:Municipal designated historic sites in Wakayama Prefecture
Category:和歌山県内の市町村指定有形文化財,Category:Municipal designated tangible cultural properties in Wakayama Prefecture
Category:和気氏,Category:Wake clan
Category:哲学史研究者,Category:Philosophy historians
Category:唐津藩,Category:Karatsu Domain
Category:四国中央市の建築物,Category:Buildings in Shikoku Central
Category:四国中央市の歴史,Category:History of Shikoku Central
Category:四国八十八箇所番外霊場,Category:Shikoku Eighty-eight temples, non-numbered temples
Category:四国地方の氏族,Category:Clans in Shikoku region
Category:四條畷市の歴史,Category:History of Shimehara
Category:囲碁ゆかりの地,Category:Places related to Go
Category:園田地区,Category:Sonoda district
Category:園部藩,Category:Sonobe Domain
Category:土佐郡,Category:Tosa District
Category:土器,Category:Pottery
Category:土浦市の建築物,Category:Buildings in Tsuchiura
Category:土浦市の歴史,Category:History of Tsuchiura
Category:地域団体商標,Category:Regional collective trademarks
Category:坂井市の建築物,Category:Buildings in Sakai
Category:坂井市の歴史,Category:History of Sakai
Category:坂城町の建築物,Category:Buildings in Sakashiro
Category:坂城町の歴史,Category:History of Sakashiro
Category:坂祝町の建築物,Category:Buildings in Sakahogi
Category:坂祝町の歴史,Category:History of Sakahogi
Category:垂井町の建築物,Category:Buildings in Tarui
Category:Articles lacking in-text citations from 2020年2月,Category:Articles lacking in-text citations from February 2020
Category:Articles lacking sources from 2016年5月31日 (火) 13:15 (UTC),Category:Articles lacking sources from May 2016
Category:WikiProject用テンプレート,Category:WikiProject templates
Category:三の丸 (名古屋市),"Category:Sannomaru, Nagoya"
Category:三原市の歴史,"Category:History of Mihara, Hiroshima"
Category:三宮,"Category:Sannomiya, Kobe"
Category:三島市の歴史,Category:History of Mishima
Category:三木町の建築物,"Category:Buildings and structures in Miki, Kagawa"
Category:三条市の建築物,"Category:Buildings and structures in Sanjō, Niigata"
Category:三田 (東京都港区),"Category:Mita, Minato, Tokyo"
Category:三田市の建築物,"Category:Buildings in Sanda, Hyogo"
Category:三田市の歴史,"Category:History of Sanda, Hyogo"
Category:上京区の歴史,"Category:History of Kamigyo-ku, Kyoto"
Category:上尾市の建築物,"Category:Buildings in Ageo, Saitama"
Category:上尾市の歴史,"Category:History of Ageo, Saitama"
Category:上牧町の建築物,"Category:Buildings in Kanmaki, Nara"
Category:上越市の建築物,"Category:Buildings in Joetsu, Niigata"
Category:上越市の歴史,"Category:History of Joetsu, Niigata"
Category:下呂市の建築物,Category:Buildings in Gero
Category:下呂市の歴史,Category:History of Gero
Category:下市町の建築物,"Category:Buildings in Shimoichi, Nara"
Category:下市町の歴史,"Category:History of Shimoichi, Nara"
Category:世田谷区,Category:Setagaya
Category:世界遺産テンプレート,Category:World Heritage Site templates
Category:丸亀市の建築物,"Category:Buildings in Marugame, Kagawa"
Category:丹後天橋立大江山国定公園,Category:Tango-Amanohashidate-Oeyama Quasi-National Park
Category:丹波篠山市の建築物,Category:Buildings in Tambasasayama
Category:久御山町の建築物,"Category:Buildings in Kumiyama, Kyoto"
Category:久留米市の建築物,Category:Buildings and structures in Kurume
Category:久留米藩,Category:Kurume Domain
Category:乙訓古墳群,Category:Otokuni Kofun Cluster
Category:九州地方にある日本庭園,Category:Japanese gardens in Kyūshū
Category:亀岡市の歴史,"Category:History of Kameoka, Kyoto"
Category:五條市の歴史,"Category:History of Gojo, Nara"
Category:京北 (京都市),"Category:Keihoku, Kyoto"
Category:京田辺市の建築物,"Category:Buildings in Kyotanabe, Kyoto"
Category:京都市北区の歴史,"Category:History of Kita-ku, Kyoto"
Category:京都市南区の建築物,"Category:Buildings in Minami-ku, Kyoto"
Category:京都市南区の歴史,"Category:History of Minami-ku, Kyoto"
Category:京都府の登録有形文化財,Category:Registered Tangible Cultural Property of Japan in Kyoto prefecture
Category:京都府指定史跡,Category:Prefectural Historic Sites in Kyoto Prefecture
Category:仁和寺,Category:Ninna-ji
Category:今池 (名古屋市),"Category:Imaike, Nagoya"
Category:今治藩,Category:Imabari Domain
Category:伊勢原市の建築物,"Category:Buildings in Isehara, Kanagawa"
Category:伊勢崎市の歴史,"Category:History of Isesaki, Gunma"
Category:伊東市の建築物,Category:Buildings in Ito
Category:伊東市の歴史,Category:History of Ito
Category:伊豆の国市の建築物,Category:Buildings and structures in Izunokuni
Category:伊豆市の歴史,"Category:History of Izu, Shizuoka"
Category:伊賀市の建築物,"Category:Buildings in Iga, Mie"
Category:伊賀市の歴史,"Category:History of Iga, Mie"
Category:伊達政宗,Category:Date Masamune
Category:城陽市の建築物,"Category:Buildings in Joyo, Kyoto"
Category:城陽市の歴史,"Category:History of Joyo, Kyoto"
Category:基山町の建築物,"Category:Buildings in Kiyama, Saga"
Category:埼玉県にある国指定の史跡,Category:National historic sites in Saitama prefecture
Category:埼玉県の古墳,Category:Kofun of Saitama prefecture
Category:埼玉県の登録有形文化財,Category:Registered Tangible Cultural Property of Japan in Saitama prefecture
Category:埼玉県の祭り,Category:Festivals in Saitama prefecture
Category:堺市中区の建築物,"Category:Buildings in Naka-ku, Sakai"
Category:堺市南区の建築物,"Category:Buildings in Minami-ku, Sakai"
Category:堺市西区の歴史,"Category:History of Nishi-ku, Sakai"
Category:塩尻市の建築物,Category:Buildings in Shiojiri
Category:塩尻市の歴史,Category:History of Shiojiri
Category:壬生町の歴史,"Category:History of Mibu, Tochigi"
Category:壬申の乱,Category:Jinshin War
Category:壱岐国,Category:Iki Province
Category:壱岐市の建築物,"Category:Buildings and structures in Iki, Nagasaki"
Category:壱岐市の歴史,"Category:History of Iki, Nagasaki"
Category:多度津町の歴史,"Category:History of Tadotsu, Kagawa"
Category:大分県の古墳,Category:Kofun of Oita prefecture
Category:大分県の歴史,Category:History of Ōita Prefecture
Category:大分県の祭り,Category:Festivals in Oita prefecture
Category:大和国の人物,Category:People of Yamato Province
Category:大和市の建築物,"Category:Buildings and structures in Yamato, Kanagawa"
Category:大和青垣国定公園,Category:Yamato-Aogaki Quasi-National Park
Category:大坂の陣,Category:Siege of Osaka
Category:大峯奥駈道,Category:Omine okugakemichi
Category:大島町の建築物,"Category:Buildings in Oshima, Tokyo"
Category:大崎市の建築物,"Category:Buildings in Osaki, Miyagi"
Category:大崎市の歴史,"Category:History of Osaki, Miyagi"
Category:大河原町の建築物,"Category:Buildings in Ōgawara, Miyagi"
Category:大津市の歴史,Category:History of Otsu
Category:大網白里市の建築物,"Category:Buildings in Oamishirasato, Chiba"
Category:大野市の建築物,"Category:Buildings in Ono, Fukui"
Category:大野町の建築物,"Category:Buildings in Ono, Gifu"
Category:大阪市の祭り,Category:Festivals in Osaka
Category:大阪市鶴見区の建築物,"Category:Buildings in Tsurumi-ku, Osaka"
Category:大阪府の歴史,Category:History of Osaka Prefecture
Category:大阪府太子町の建築物,"Category:Buildings in Taishi, Osaka"
Category:大阪府指定有形文化財,Category:Tangible Cultural Properties of Osaka Prefecture
Category:天王寺公園,Category:Tennōji Park
Category:天白区の建築物,"Category:Buildings in Tenpaku-ku, Nagoya"
Category:天白区の歴史,"Category:History of Tenpaku-ku, Nagoya"
Category:天竜区の建築物,"Category:Buildings in Tenryu-ku, Hamamatsu"
Category:天童市の建築物,"Category:Buildings and structures in Tendō, Yamagata"
Category:太宰府市の歴史,"Category:History of Dazaifu, Fukuoka"
Category:太田市の歴史,"Category:History of Ota, Gunma"
Category:奈良県川上村の建築物,"Category:Buildings in Kawakami, Nara"
Category:奈良県川上村の歴史,"Category:History of Kawakami, Nara"
Category:奥州市の歴史,"Category:History of Oshu, Iwate"
Category:妙高市の建築物,"Category:Buildings in Myoko, Niigata"
Category:姫路城,Category:Himeji Castle
Category:姫路市の神社,Category:Shinto shrines in Himeji City
Category:宇佐市の建築物,"Category:Buildings and structures in Usa, Ōita"
Category:宇治市の建築物,Category:Buildings and structures in Uji
Category:安国寺利生塔,Category:Ankoku-ji
Category:安曇野市の歴史,Category:History of Azumino
Category:安達盛長,Category:Adachi Morinaga
Category:宍粟市の建築物,"Category:Buildings in Shiso, Hyogo"
Category:宗像市の建築物,"Category:Buildings in Munakata, Fukuoka"
Category:宗像市の歴史,"Category:History of Munakata, Fukuoka"
Category:宮内省,Category:Ministry of Imperial Household
Category:宮城県の古墳,Category:Kofun of Miyagi prefecture
Category:宮城県の歴史,Category:History of Miyagi Prefecture
Category:宮崎市の歴史,"Category:History of Miyazaki, Miyazaki"
Category:宮崎県にある国指定の史跡,Category:National historic sites in Miyazaki prefecture
Category:宮崎県の古墳,Category:Kofun of Miyazaki prefecture
Category:宮津市の地理,"Category:Geography of Miyazu, Kyoto"
Category:宮津市の歴史,"Category:History of Miyazu, Kyoto"
Category:宿毛市の建築物,"Category:Buildings and structures in Sukumo, Kōchi"
Category:寄居町の歴史,"Category:History of Yorii, Saitama"
Category:富加町の建築物,"Category:Buildings in Tomika, Gifu"
Category:富士山本宮浅間大社,Category:Fujisan Hongū Sengen Taisha
Category:富山市の神社,"Category:Shrines in Toyama, Toyama"
Category:富山県の登録有形文化財,Category:Registered Tangible Cultural Property of Japan in Toyama prefecture
Category:富山県の神社,Category:Shinto shrines in Toyama Prefecture
Category:富山県の祭り,Category:Festivals in Toyama prefecture
Category:富山県の重要文化財,Category:Important Cultural Property of Japan in Toyama prefecture
Category:富岡市の建築物,Category:Buildings in Tomioka
Category:富谷市の建築物,"Category:Buildings in Tomiya, Miyagi"
Category:小山市の建築物,"Category:Buildings in Oyama, Tochigi"
Category:小松島市の建築物,"Category:Buildings in Komatsushima, Tokushima"
Category:小松市の建築物,"Category:Buildings and structures in Komatsu, Ishikawa"
Category:小菅,"Category:Kosuge, Katsushika"
Category:小野市の歴史,"Category:History of Ono, Hyogo"
Category:小野篁,Category:Ono no Takamura
Category:小野道風,Category:Ono no Michikaze
Category:尼崎市の歴史,"Category:History of Amagasaki, Hyogo"
Category:尾張国の人物,Category:People of Owari Province
Category:尾張国の帳内社,Category:Chōnaisha in Owari Province
Category:屋久島町の建築物,"Category:Buildings in Yakushima, Kagoshima"
Category:屋久島町の歴史,"Category:History of Yakushima, Kagoshima"
Category:山・鉾・屋台行事,"Category:Yama, Hoko, Yatai, float festivals in Japan"
Category:山名氏,Category:Yamana clan
Category:山岳信仰,Category:Mountain worship
Category:山形市の建築物,"Category:Buildings in Yamagata, Yamagata"
Category:山形市の歴史,"Category:History of Yamagata, Yamagata"
Category:山形県にある国指定の史跡,Category:National historic sites in Yamagata prefecture
Category:山形県の登録有形文化財,Category:Registered Tangible Cultural Property of Japan in Yamagata prefecture
Category:山形県の重要文化財,Category:Important Cultural Property of Japan in Yamagata prefecture
Category:山梨市の建築物,"Category:Buildings in Yamanashi, Yamanashi"
Category:山辺の道,Category:Yamanobe-no-michi
Category:山那,"Category:Yamana, Fuso"
Category:山陰海岸ジオパーク,Category:San'in Kaigan Geopark
Category:山鹿市の歴史,"Category:History of Yamaga, Kumamoto"
Category:岐阜県の歴史,Category:History of Gifu Prefecture
Category:岐阜県の登録有形文化財,Category:Registered Tangible Cultural Property of Japan in Gifu prefecture
Category:岐阜県池田町の建築物,"Category:Buildings in Ikeda, Gifu"
Category:岡山市の寺,Category:Temples in Okayama
Category:岡山県にある国指定の史跡,Category:National historic sites in Okayama prefecture
Category:岡山県の古墳,Category:Kofun of Okayama prefecture
Category:岡山県の重要文化財,Category:Important Cultural Property of Japan in Okayama prefecture
Category:岩出市の歴史,"Category:History of Iwade, Wakayama"
Category:岩美町,"Category:Iwami, Tottori"
Category:岩美町の歴史,"Category:History of Iwami, Tottori"
Category:岸和田市の歴史,"Category:History of Kishiwada, Osaka"
Category:島根県の登録有形文化財,Category:Registered Tangible Cultural Property of Japan in Shimane prefecture
Category:崇峻天皇,Category:Emperor Sushun
Category:嵯峨天皇,Category:Emperor Saga
Category:川崎市の神社,Category:Shrines in Kawasaki
Category:川西市の歴史,"Category:History of Kawanishi, Hyogo"
Category:川辺町の建築物,"Category:Buildings in Kawabe, Gifu"
Category:市原市の歴史,"Category:History of Ichihara, Chiba"
Category:平安宮,Category:Heian Palace
Category:平安時代の建築,Category:Architecture of Heian period
Category:広島県の古墳,Category:Kofun of Hiroshima prefecture
Category:広島県府中市の建築物,"Category:Buildings and structures in Fuchū, Hiroshima"
Category:広島県府中市の歴史,"Category:History of Fuchu, Hiroshima"
Category:広島県指定重要文化財,Category:Important Cultural Properties of Hiroshima Prefecture
Category:廃止された外局,Category:Abolished external bureaus
Category:廿日市市の歴史,"Category:History of Hatsukaichi, Hiroshima"
Category:弘前市の建築物,"Category:Buildings in Hirosaki, Aomori"
Category:弘前市の歴史,"Category:History of Hirosaki, Aomori"
Category:弘文天皇,Category:Emperor Kōbun
Category:彦根市の歴史,"Category:History of Hikone, Shiga"
Category:御器所,"Category:Gokiso, Nagoya"
Category:御堂流,Category:Mido-ryu
Category:御所市の歴史,"Category:History of Gose, Nara"
Category:御殿場市の建築物,Category:Buildings in Gotemba
Category:御殿場市の歴史,Category:History of Gotemba
Category:徳島県指定史跡,Category:Designated historic sites of Tokushima Prefecture
Category:徳島藩,Category:Tokushima Domain
Category:徳川斉昭,Category:Tokugawa Nariaki
Category:怪物,Category:Monsters
Category:愛宕山 (京都市),Category:Mount Atago (Kyoto)
Category:愛染明王,Category:Rāgarāja
Category:愛知県の古墳,Category:Kofun of Aichi prefecture
Category:戦前日本の右翼団体,Category:Right-wing organizations in the pre-war Japan
Category:扶桑町の建築物,"Category:Buildings in Fuso, Aichi"
Category:扶桑町の歴史,"Category:History of Fusō, Aichi"
Category:揖斐川町の建築物,"Category:Buildings in Ibigawa, Gifu"
Category:摂津国の人物,Category:People of Settsu Province
Category:政治家・官僚の称号,Category:Job function
Category:数学関連のテンプレート,Category:Mathematics templates
Category:文字のテンプレート,Category:Writing system templates
Category:文部省,"Category:Ministry of Education, Science, Sports and Culture"
Category:斎藤,"Category:Saito, Fuso"
Category:斯波氏,Category:Shiba clan
Category:新上五島町の神社,Category:Shrines in Shinkamigoto
Category:新井白石,Category:Arai Hakuseki
Category:新宮市の建築物,"Category:Buildings in Shingu, Wakayama"
Category:新宮市の歴史,"Category:History of Shingu, Wakayama"
Category:新居浜市の歴史,"Category:History of Niihama, Ehime"
Category:新潟県にある国指定の史跡,Category:National historic sites in Niigata prefecture
Category:新潟県の古墳,Category:Kofun of Niigata prefecture
Category:新潟県の歴史,Category:History of Niigata Prefecture
Category:新見市の建築物,Category:Buildings and structures in Niimi
Category:新見市の歴史,"Category:History of Niimi, Okayama"
Category:日本のテレビ番組関連テンプレート,Category:Japanese television navigational boxes
Category:日本の井戸,Category:Water wells in Japan
Category:日本の国宝 (彫刻),Category:National Treasures of Japan (sculptures)
Category:日本の国宝 (絵画),Category:National Treasures of Japan (paintings)
Category:日本の地理テンプレート,Category:Japan geography templates
Category:日本の小説家 (世紀別),Category:Japanese novelists by century
Category:日本の教育の歴史,Category:History of education in Japan
Category:日本の教育関連のテンプレート,Category:Japan education navigational boxes
Category:日本の皇室関連のテンプレート,Category:Japanese imperial family related templates
Category:日本の磨崖仏,Category:Magaibutsu of Japan
Category:日本時間計算テンプレート,Category:Japanese traditional date templates
Category:日本書紀,Category:Nihon Shoki
Category:日田市の歴史,"Category:History of Hita, Ōita"
Category:日立市の歴史,"Category:History of Hitachi, Ibaraki"
Category:明日香村の建築物,"Category:Buildings in Asuka, Nara"
Category:明日香村の歴史,"Category:History of Asuka, Nara"
Category:明石市の建築物,"Category:Buildings and structures in Akashi, Hyōgo"
Category:明石市の歴史,"Category:History of Akashi, Hyogo"
Category:明神,Category:Myōjin
Category:春日井市の歴史,Category:History of Kasugai
Category:時宗,Category:Ji-shū
Category:曲亭馬琴,Category:Kyokutei Bakin
Category:書きかけの節のある項目,Category:Section stubs
Category:最澄,Category:Saicho
Category:有馬温泉郷,Category:Arima Onsen
Category:朝倉市の建築物,"Category:Buildings in Asakura, Fukuoka"
Category:朝来市の建築物,Category:Buildings in Asago
Category:朝来市の歴史,"Category:History of Asago, Hyogo"
Category:木下氏,Category:Kinoshita clan
Category:木更津市の建築物,"Category:Buildings in Kisarazu, Chiba"
Category:木津川市の建築物,"Category:Buildings in Kizugawa, Kyoto"
Category:本宮市の建築物,"Category:Buildings in Motomiya, Fukushima"
Category:本山 (神戸市),"Category:Motoyama area, Kobe"
Category:本巣市の建築物,Category:Buildings in Motosu
Category:本巣市の歴史,Category:History of Motosu
Category:本牧,Category:Honmoku
Category:杉戸町の建築物,"Category:Buildings in Sugito, Saitama"
Category:杉戸町の歴史,"Category:History of Sugito, Saitama"
Category:村上市の建築物,"Category:Buildings in Murakami, Niigata"
Category:東かがわ市の建築物,Category:Buildings in Higashikagawa
Category:東京都のテンプレート,Category:Tokyo templates
Category:東京都府中市の建築物,"Category:Buildings and structures in Fuchū, Tokyo"
Category:東京都府中市の歴史,"Category:History of Fuchu, Tokyo"
Category:東伊豆町の建築物,"Category:Buildings in Higashiizu, Shizuoka"
Category:東住吉区の建築物,"Category:Buildings in Higashisumiyoshi-ku, Osaka"
Category:東大阪市の歴史,Category:History of Higashiosaka
Category:東山区の建築物,"Category:Buildings in Higashiyama-ku, Kyoto"
Category:東山区の歴史,"Category:History of Higashiyama-ku, Kyoto"
Category:東松山市の歴史,"Category:History of Higashimatsuyama, Saitama"
Category:東灘区の歴史,"Category:History of Higashinada-ku, Kobe"
Category:東近江市の歴史,"Category:History of Higashiomi, Shiga"
Category:東郷町の建築物,"Category:Buildings in Togo, Aichi"
Category:東郷町の歴史,"Category:History of Tōgō, Aichi"
Category:松前藩,Category:Matsumae Domain
Category:松原市の建築物,"Category:Buildings in Matsubara, Osaka"
Category:松山市の建築物,Category:Buildings and structures in Matsuyama
Category:松山市の歴史,"Category:History of Matsuyama, Ehime"
Category:松崎町の歴史,Category:History of Matsuzaki
Category:松本市の建築物,"Category:Buildings and structures in Matsumoto, Nagano"
Category:松本市の歴史,Category:History of Matsumoto
Category:松江市の建築物,Category:Buildings and structures in Matsue
Category:松江市の歴史,Category:History of Matsue
Category:松田町の歴史,"Category:History of Matsuda, Kanagawa"
Category:柏原市の歴史,"Category:History of Kashiwara, Osaka"
Category:柏崎市の建築物,"Category:Buildings in Kashiwazaki, Niigata"
Category:柏崎市の歴史,Category:History of Kashiwazaki
Category:栃木市の歴史,"Category:History of Tochigi, Tochigi"
Category:栃木県にある国指定の史跡,Category:National historic sites in Tochigi prefecture
Category:栃木県の古墳,Category:Kofun of Tochigi prefecture
Category:栃木県の重要文化財,Category:Important Cultural Property of Japan in Tochigi prefecture
Category:根室市の地理,Category:Geography of Nemuro
Category:根室市の建築物,"Category:Buildings and structures in Nemuro, Hokkaido"
Category:根室市の歴史,Category:History of Nemuro
Category:桑名市の歴史,"Category:History of Kuwana, Mie"
Category:桜井市の歴史,"Category:History of Sakurai, Nara"
Category:桶川市の建築物,"Category:Buildings in Okegawa, Saitama"
Category:桶川市の歴史,"Category:History of Okegawa, Saitama"
Category:横手市の建築物,Category:Buildings in Yokote
Category:横手市の歴史,Category:History of Yokote
Category:横浜市中区の建築物,"Category:Buildings in Naka-ku, Yokohama"
Category:横浜市青葉区の歴史,"Category:History of Aoba-ku, Yokohama"
Category:橘 (名古屋市),"Category:Tachibana, Nagoya"
Category:橿原市の歴史,"Category:History of Kashihara, Nara"
Category:武庫郡,Category:Muko district
Category:武蔵坊弁慶,Category:Benkei
Category:歴史関連記事のテンプレート,Category:History and events templates
Category:死生観,Category:View of life and death
Category:水口藩,Category:Minakuchi Domain
Category:水天宮,Category:Suiten-gū
Category:水戸市の建築物,"Category:Buildings in Mito, Ibaraki"
Category:水戸市の歴史,"Category:History of Mito, Ibaraki"
Category:江戸時代の儒学者,Category:Confucian scholars of the Edo period
Category:江戸時代の建築,Category:Architecture of Edo period
Category:江戸時代の青侍,Category:Aosamurai of the Edo period
Category:池田市の歴史,"Category:History of Ikeda, Osaka"
Category:河内長野市の歴史,"Category:History of Kawachinagano, Osaka"
Category:沼津市の建築物,Category:Buildings in Numazu
Category:沼津市の歴史,Category:History of Numazu
Category:泉大津市の建築物,"Category:Buildings in Izumiotsu, Osaka"
Category:津市の歴史,Category:History of Tsu
Category:浅草寺,Category:Sensoji
Category:浅間神社,Category:Asama shrines
Category:浜松市の神社,Category:Shrines in Hamamatsu
Category:浜田市の建築物,"Category:Buildings and structures in Hamada, Shimane"
Category:浜田市の歴史,"Category:History of Hamada, Shimane"
Category:海南市の歴史,"Category:History of Kainan, Wakayama"
Category:海女,Category:Haenyeo
Category:海老名市の建築物,"Category:Buildings in Ebina, Kanagawa"
Category:淡嶋神社,Category:Awashima-jinja (worship)
Category:淡路国の人物,Category:People of Awaji Province
Category:淡路市の建築物,"Category:Buildings and structures in Awaji, Hyōgo"
Category:淡路市の歴史,"Category:History of Awaji, Hyogo"
Category:深谷市の建築物,"Category:Buildings in Fukaya, Saitama"
Category:深谷市の歴史,"Category:History of Fukaya, Saitama"
Category:添え字のテンプレート,Category:Superscript and subscript templates
Category:清水区の建築物,"Category:Buildings in Shimizu-ku, Shizuoka"
Category:渋川市の建築物,"Category:Buildings in Shibukawa, Gunma"
Category:渋谷区の神社,"Category:Shrines in Shibuya, Tokyo"
Category:港北区の建築物,"Category:Buildings in Kohoku-ku, Yokohama"
Category:湖南市の建築物,"Category:Buildings in Konan, Shiga"
Category:源為朝,Category:Minamoto no Tametomo
Category:源義光,Category:Minamoto no Yoshimitsu
Category:滋賀県にある国指定の史跡,Category:National historic sites in Shiga prefecture
Category:滋賀県の古墳,Category:Kofun of Shiga prefecture
Category:滋賀県の重要文化財,Category:Important Cultural Property of Japan in Shiga prefecture
Category:滋賀県日野町の建築物,"Category:Buildings in Hino, Shiga"
Category:滋賀県日野町の歴史,"Category:History of Hino, Shiga"
Category:滑川市の建築物,"Category:Buildings and structures in Namerikawa, Toyama"
Category:滑川町の建築物,"Category:Buildings in Namegawa, Saitama"
Category:瀬戸市の歴史,Category:History of Seto
Category:灘区の歴史,"Category:History of Nada-ku, Kobe"
Category:焼津市の建築物,"Category:Buildings in Yaizu, Shizuoka"
Category:焼津市の歴史,Category:History of Yaizu
Category:熊本市の神社,Category:Shrines in Kumamoto
Category:熊本県にある国指定の史跡,Category:National historic sites in Kumamoto prefecture
Category:熊本県の古墳,Category:Kofun of Kumamoto prefecture
Category:熊本県の重要文化財,Category:Important Cultural Property of Japan in Kumamoto prefecture
Category:熊谷市の歴史,"Category:History of Kumagaya, Saitama"
Category:熊野信仰,Category:Kumano faith
Category:熊野町,"Category:Kumano, Hiroshima"
Category:熊野神社,Category:Kumano shrines
Category:熱海市の地理,Category:Geography of Atami
Category:熱海市の歴史,Category:History of Atami
Category:熱田区の歴史,"Category:History of Atsuta-ku, Nagoya"
Category:特殊効果テンプレート,Category:Special effects templates
Category:犬山市の歴史,Category:History of Inuyama
Category:狭山市の建築物,"Category:Buildings in Sayama, Saitama"
Category:狭山市の歴史,"Category:History of Sayama, Saitama"
Category:猪苗代町の建築物,"Category:Buildings in Inawashiro, Fukushima"
Category:王寺町の建築物,"Category:Buildings in Ōji, Nara"
Category:琉球王国を舞台とした作品,Category:Ryukyu Kingdom in art
Category:琵琶湖国定公園,Category:Biwako Quasi-National Park
Category:瑞穂町の建築物,"Category:Buildings in Mizuho, Tokyo"
Category:生野区の建築物,"Category:Buildings in Ikuno-ku, Osaka"
Category:生駒市の建築物,"Category:Buildings in Ikoma, Nara"
Category:田原本町の建築物,"Category:Buildings in Tawaramoto, Nara"
Category:田辺市の建築物,"Category:Buildings in Tanabe, Wakayama"
Category:田辺市の歴史,"Category:History of Tanabe, Wakayama"
Category:由布市の建築物,Category:Buildings and structures in Yufu
Category:甲府市の建築物,Category:Buildings and structures in Kōfu
Category:甲府市の歴史,Category:History of Kōfu
Category:甲賀市の歴史,"Category:History of Koka, Shiga"
Category:画像挿入テンプレート,Category:Single-image insertion templates
Category:登米市の建築物,"Category:Buildings in Tome, Miyagi"
Category:登録博物館,Category:Registered museums (Japan)
Category:白山神社,Category:Hakusan-jinja
Category:百舌鳥古墳群,Category:Mozu Kofun Group
Category:皇室の施設,Category:Japanese Imperial Facilities
Category:益田市の建築物,"Category:Buildings and structures in Masuda, Shimane"
Category:益田市の歴史,"Category:History of Masuda, Shimane"
Category:目次テンプレート,Category:Wikipedia table of contents templates
Category:相馬神社,Category:Soma Shrines
Category:眉山,"Category:Bizan, Tokushima"
Category:県民の建物100選,Category:Top 100 Buildings Selected by Prefectural Citizens
Category:知夫村,"Category:Chibu, Shimane"
Category:知立市の建築物,"Category:Buildings in Chiryu, Aichi"
Category:知立市の歴史,Category:History of Chiryu
Category:石川町の建築物,"Category:Buildings in Ishikawa, Fukushima"
Category:石川県にある国指定の史跡,Category:National historic sites in Ishikawa prefecture
Category:石川県の古墳,Category:Kofun of Ishikawa prefecture
Category:石川県の祭り,Category:Festivals in Ishikawa prefecture
Category:石川県の重要文化財,Category:Important Cultural Properties of Ishikawa Prefecture
Category:石巻市の歴史,"Category:History of Ishinomaki, Miyagi"
Category:石見国の式内社,Category:Shikinaisha in Iwami Province
Category:磐田市の歴史,Category:History of Iwata
Category:祇園信仰,Category:Gion cult
Category:祇園神社,Category:Gion shrines
Category:神奈川県にある国指定の史跡,Category:National historic sites in Kanagawa prefecture
Category:神奈川県の古墳,Category:Kofun of Kanagawa prefecture
Category:神奈川県の歴史,Category:History of Kanagawa Prefecture
Category:神宮前 (渋谷区),"Category:Jingūmae, Shibuya"
Category:神戸市北区の歴史,"Category:History of Kita-ku, Kobe"
Category:神戸市西区の建築物,"Category:Buildings in Nishi-ku, Kobe"
Category:神戸市西区の歴史,"Category:History of Nishi-ku, Kobe"
Category:福井藩,Category:Fukui Domain
Category:福山市の歴史,Category:History of Fukuyama city
Category:福岡県にある国指定の史跡,Category:National historic sites in Fukuoka prefecture
Category:福岡県の古墳,Category:Kofun of Fukuoka prefecture
Category:福岡県の地形,Category:Landforms of Fukuoka Prefecture
Category:福岡県の重要文化財,Category:Important Cultural Property of Japan in Fukuoka prefecture
Category:福岡藩,Category:Fukuoka Domain
Category:福島市の建築物,Category:Buildings in Fukushima City
Category:福島市の歴史,Category:History of Fukushima City
Category:福島県の祭り,Category:Festivals in Fukushima prefecture
Category:福島県の重要文化財,Category:Important Cultural Property of Japan in Fukushima prefecture
Category:福知山市の建築物,"Category:Buildings in Fukuchiyama, Kyoto"
Category:福知山市の歴史,"Category:History of Fukuchiyama, Kyoto"
Category:秋のイベント,Category:Autumn events
Category:秋田市の歴史,"Category:History of Akita, Akita"
Category:秋葉神社,Category:Akiha-jinja (worship)
Category:秩父市の文化,"Category:Culture of Chichibu, Saitama"
Category:秩父市の神社,"Category:Shrines in Chichibu, Saitama"
Category:稲敷市域の廃止市町村,Category:Abolished municipalities in Inashiki area
Category:穴水町の建築物,"Category:Buildings in Anamizu, Ishikawa"
Category:空也,Category:Kūya
Category:空間,Category:Space
Category:立山町の建築物,"Category:Buildings and structures in Tateyama, Toyama"
Category:竜王町の建築物,"Category:Buildings in Ryūō, Shiga"
Category:笠岡市の歴史,Category:History of Kasaoka city
Category:筑後川水系,Category:Tributaries of the Chikugo River
Category:筑紫野市の建築物,"Category:Buildings in Chikushino, Fukuoka"
Category:筒井 (名古屋市),"Category:Tsutsui, Nagoya"
Category:箕面市の建築物,"Category:Buildings in Minoh, Osaka"
Category:箕面市の歴史,"Category:History of Minoh, Osaka"
Category:箱崎 (福岡市),"Category:Hakozaki, Fukuoka"
Category:箱館戦争,Category:Battle of Hakodate
Category:米子市の歴史,"Category:History of Yonago, Tottori"
Category:米沢市の建築物,Category:Buildings in Yonezawa
Category:米沢市の歴史,Category:History of Yonezawa
Category:米沢藩,Category:Yonezawa Domain
Category:精華町の建築物,"Category:Buildings in Seika, Kyoto"
Category:精華町の歴史,"Category:History of Seika, Kyoto"
Category:糸魚川市の建築物,Category:Buildings in Itoigawa
Category:紀伊国の人物,Category:People of Kii Province
Category:紀伊国の式内社,Category:Shikinaisha in Kii Province
Category:素人歌舞伎,Category:Amateur Kabuki
Category:継体天皇,Category:Emperor Keitai
Category:総社市の建築物,Category:Buildings and structures in Sōja
Category:美作市の歴史,"Category:History of Mimasaka, Okayama"
Category:美原区の建築物,"Category:Buildings in Mihara-ku, Sakai"
Category:美濃加茂市の建築物,Category:Buildings in Minokamo
Category:美濃加茂市の歴史,Category:History of Minokamo
Category:美馬市の建築物,"Category:Buildings in Mima, Tokushima"
Category:美馬市の歴史,"Category:History of Mima, Tokushima"
Category:群馬県にある国指定の史跡,Category:National historic sites in Gunma prefecture
Category:群馬県の重要文化財,Category:Important Cultural Property of Japan in Gunma prefecture
Category:羽咋市の建築物,"Category:Buildings in Hakui, Ishikawa"
Category:習志野市の建築物,"Category:Buildings in Narashino, Chiba"
Category:考古資料,Category:Archaeological data
Category:能の演目,Category:Noh plays
Category:能登半島,Category:Noto Peninsula
Category:能美市の建築物,"Category:Buildings in Nomi, Ishikawa"
Category:舞台芸術のテンプレート,Category:Performing arts templates
Category:舞鶴市の歴史,"Category:History of Maizuru, Kyoto"
Category:若狭町の建築物,"Category:Buildings in Wakasa, Fukui"
Category:茅野市の建築物,"Category:Buildings in Chino, Nagano"
Category:茅野市の歴史,"Category:History of Chino, Nagano"
Category:茨城県の古墳,Category:Kofun of Ibaraki prefecture
Category:茨城県の歴史,Category:History of Ibaraki Prefecture
Category:茨木市の歴史,"Category:History of Ibaraki, Osaka"
Category:草木の神,Category:Vegetation deities
Category:草津市の建築物,"Category:Buildings in Kusatsu, Shiga"
Category:草津市の歴史,"Category:History of Kusatsu, Shiga"
Category:荒木田氏,Category:Arakita Clan
Category:葛城市の歴史,"Category:History of Katsuragi, Nara"
Category:蒲田,Category:Kamata
Category:藤井寺市の歴史,"Category:History of Fujiidera, Osaka"
Category:藤原頼通,Category:Fujiwara no Yorimichi
Category:藤沢市の神社,Category:Shrines in Fujisawa
Category:蘇我馬子,Category:Soga no Umako
Category:蝦夷,Category:Ezo
Category:行基,Category:Gyōki
Category:行田市の建築物,"Category:Buildings in Gyoda, Saitama"
Category:西ノ島町の歴史,Category:History of Nishinoshima
Category:西宮市の建築物,Category:Buildings and structures in Nishinomiya
Category:西宮市の歴史,"Category:History of Nishinomiya, Hyogo"
Category:西尾市の歴史,Category:History of Nishio
Category:西日本新聞社,Category:Nishinippon Shimbun
Category:西脇市の建築物,Category:Buildings in Nishiwaki
Category:記録作成等の措置を講ずべき無形の民俗文化財,Category:Intangible Folk Cultural Properties that need measures such as documentation of Japan
Category:調布市の歴史,"Category:History of Chofu, Tokyo"
Category:諏訪市の建築物,Category:Buildings in Suwa
Category:諏訪市の歴史,Category:History of Suwa
Category:讃岐氏,Category:Sanuki clan
Category:豊川市の建築物,"Category:Buildings and structures in Toyokawa, Aichi"
Category:豊川市の歴史,Category:History of Toyokawa
Category:貝原益軒,Category:Kaibara Ekiken
Category:赤磐市の建築物,"Category:Buildings in Akaiwa, Okayama"
Category:赤穂事件,Category:Genroku Akō incident
Category:足湯,Category:Ashiyu
Category:軍事史関連のナビゲーション・テンプレート,Category:Military history navigational boxes
Category:軽井沢町の建築物,"Category:Buildings in Karuizawa, Nagano"
Category:軽井沢町の歴史,"Category:History of Karuizawa, Nagano"
Category:近江八幡市の建築物,Category:Buildings in Omihachiman
Category:近江八幡市の歴史,Category:History of Omihachiman
Category:近江国の式内社,Category:Shikinaisha in Ōmi Province
Category:遠江国の式内社,Category:Shikinaisha in Tōtōmi Province
Category:遺構,Category:Archaeological remains
Category:遺跡,Category:Archaeological Sites
Category:那覇市の歴史,Category:History of Naha
Category:郡上市の神社,"Category:Shrines in Gujo, Gifu"
Category:部民,Category:Bemin
Category:重要文化的景観,Category:Important Cultural Landscape Sites
Category:金沢市の歴史,Category:History of Kanazawa
Category:長岡京市の歴史,"Category:History of Nagaokakyo, Kyoto"
Category:長崎県の歴史,Category:History of Nagasaki Prefecture
Category:長崎県の重要文化財,Category:Important Cultural Property of Japan in Nagasaki prefecture
Category:長方形墳,Category:Rectangular Kofun
Category:長浜市の歴史,"Category:History of Nagahama, Shiga"
Category:長野市の寺,Category:Temples in Nagano
Category:長野市の歴史,Category:History of Nagano
Category:長野県の歴史,Category:History of Nagano Prefecture
Category:長野県の神社,Category:Shinto shrines in Nagano Prefecture
Category:長野県の祭り,Category:Festivals in Nagano prefecture
Category:長野県の重要文化財,Category:Important Cultural Properties of Nagano Prefecture
Category:門真市の建築物,"Category:Buildings and structures in Kadoma, Osaka"
Category:門真市の歴史,"Category:History of Kadoma, Osaka"
Category:防府市の歴史,Category:History of  Hōfu
Category:阿倍野区の建築物,"Category:Buildings in Abeno-ku, Osaka"
Category:阿倍野区の歴史,"Category:History of Abeno-ku, Osaka"
Category:阿弥陀像,Category:Statues of Amitābha Buddha
Category:阿智村の建築物,"Category:Buildings in Achi, Nagano"
Category:阿智村の歴史,"Category:History of Achi, Nagano"
Category:院政,Category:Cloistered rule
Category:陵墓参考地,Category:Japanese imperial mausolea (unspecified)
Category:陸奥国の人物,Category:People of Mutsu Province
Category:雛祭り,Category:Hina matsuri
Category:霧島市の建築物,"Category:Buildings and structures in Kirishima, Kagoshima"
Category:青梅市の建築物,"Category:Buildings and structures in Ōme, Tokyo"
Category:青森県にある国指定の史跡,Category:National historic sites in Aomori prefecture
Category:青森県の古墳,Category:Kofun of Aomori prefecture
Category:青葉区 (仙台市),"Category:Aoba-ku, Sendai"
Category:静岡県森町の建築物,"Category:Buildings in Mori, Shizuoka"
Category:静岡県森町の歴史,"Category:History of Mori, Shizuoka"
Category:鞆の浦,Category:Tomonoura
Category:韮崎市の歴史,Category:History of Nirasaki
Category:須坂市の建築物,Category:Buildings in Suzaka
Category:須坂市の歴史,Category:History of Suzaka
Category:風土記,Category:Fudoki
Category:風流踊,"Category:Furyu-odori, ritual dances imbued with people's hopes and prayers"
Category:飛鳥時代の遺跡,Category:Asuka-period archaeological sites
Category:飯田古墳群,Category:Iida Kofun Group
Category:飯田市の歴史,Category:History of Iida
Category:養老町の建築物,Category:Buildings in Yoro
Category:香川県の歴史,Category:History of Kagawa Prefecture
Category:香美市の建築物,"Category:Buildings in Kami, Kochi"
Category:香美市の歴史,"Category:History of Kami, Kochi"
Category:香芝市の建築物,"Category:Buildings in Kashiba, Nara"
Category:香芝市の歴史,"Category:History of Kashiba, Nara"
Category:駿河区の建築物,"Category:Buildings in Suruga-ku, Shizuoka"
Category:高千穂町の建築物,"Category:Buildings in Takachiho, Miyazaki"
Category:高岡市の神社,Category:Shrines in Takaoka
Category:高槻市の建築物,Category:Buildings in Takatsuki
Category:高知市の建築物,"Category:Buildings and structures in Kōchi, Kōchi"
Category:高知県の古墳,Category:Kofun of Kochi prefecture
Category:高知県の登録有形文化財,Category:Registered Tangible Cultural Property of Japan in Kochi prefecture
Category:高知県指定史跡,Category:Prefectural Historic Sites in Kochi Prefecture
Category:高石市の建築物,"Category:Buildings in Takaishi, Osaka"
Category:鳥取県の古墳,Category:Kofun of Tottori prefecture
Category:鳥取県の山,Category:Mountains of Tottori Prefecture
Category:鳥取県の峠,Category:Mountain passes of Tottori prefecture
Category:鳥取県の登録有形文化財,Category:Registered Tangible Cultural Property of Japan in Tottori prefecture
Category:鳥栖市の歴史,"Category:History of Tosu, Saga"
Category:鳥海山,Category:Mount Chōkai
Category:鳥羽天皇,Category:Emperor Toba
Category:鶴岡市の建築物,Category:Buildings in Tsuruoka
Category:鹿児島県にある国指定の史跡,Category:National historic sites in Kagoshima prefecture
Category:鹿島神宮,Category:Kashima-jingu
Category:鹿角市の建築物,Category:Buildings in Kazuno
Category:鹿角市の歴史,Category:History of Kazuno
Category:黒潮町の建築物,"Category:Buildings and structures in Kuroshio, Kōchi"
Category:黒部市の建築物,"Category:Buildings and structures in Kurobe, Toyama"
Category:黒部市の歴史,"Category:History of Kurobe, Toyama"
Category:大阪市鶴見区の歴史,"Category:History of Tsurumi-ku, Osaka"
Category:式内社関連テンプレート,Category:Shikinaisha templates
Category:我孫子 (大阪市),"Category:Abiko, Osaka"
Category:提灯,Category:Chōchin
Category:東京開成学校,Category:Tokyo Kaisei School
