Q49871432	Len	"Category:Authors"
Q11528011	Len	"Tōzen-ji Temple"
Q11455763	Len	"Mitsuzō-in Temple"
Q9672383	Len	"Category:Aqueducts in Japan"
Q70725130	Len	"Tenjin Shrine"
Q135260048	Len	"Tenjin Shrine"
Q135425879	Len	"Iidama Shrine"
Q135424927	Len	"Iidama Shrine"
Q135425181	Len	"Iidama Shrine"
Q46391442	Len	"Category:Agricultural events"
Q28690714	Len	"Myōhō-ji Temple"
Q14566271	Len	"Category:Appointed members of the House of Peers"
Q11400330	Lid	"Kuil Katsute"
Q9590470	Len	"Category:Ancient lakes"
Q11432580	Len	"Daien-ji Temple"
Q134887317	Len	"Tenjin Shrine"
Q135425225	Len	"Iidama Shrine"
Q11520795	Len	"Hongyō-ji Temple"
Q135425941	Len	"Iidama Shrine"
Q9670634	Len	"Category:Battles in Japan"
Q28688328	Len	"Hongaku-ji Temple"
Q135425941	Lid	"Kuil Iidama"
Q22120573	Len	"Myōren-ji Temple"
Q11400330	Len	"Katsute Shrine"
Q11526041	Len	"Tōkō-in Temple"
Q23997315	Len	"Fufeng"
Q11436783	Len	"Ōminakami Shrine"
Q11436783	Lid	"Kuil Ōminakami"
